,artist_name,track_uri,track_url,artist_uri,artist_url,track_name,album_uri,duration_ms_x,album_name,name,danceability,energy,key,loudness,mode,speechiness,acousticness,instrumentalness,liveness,valence,tempo,type,id,uri,track_href,analysis_url,duration_ms_y,time_signature,artist_pop,genres,track_pop,language,embed_code,artists_song,genres_list,subjectivity,polarity,sim
83,Justin Bieber,spotify:track:4iJyoBOLtHqaGxP12qzhQI,https://open.spotify.com/track/4iJyoBOLtHqaGxP12qzhQI,spotify:artist:1uNFoZAHBGtllmzznpCI3s,https://open.spotify.com/artist/1uNFoZAHBGtllmzznpCI3s,Peaches (feat. Daniel Caesar & Giveon),spotify:album:5dGWwsZ9iB2Xc3UKR0gif2,198081,Justice,Peaches (feat. Daniel Caesar & Giveon),0.677,0.696,0,-6.181,1,0.119,0.321,0.0,0.42,0.464,90.03,audio_features,4iJyoBOLtHqaGxP12qzhQI,spotify:track:4iJyoBOLtHqaGxP12qzhQI,https://api.spotify.com/v1/tracks/4iJyoBOLtHqaGxP12qzhQI,https://api.spotify.com/v1/audio-analysis/4iJyoBOLtHqaGxP12qzhQI,198082,4,91,"['canadian pop', 'pop']",84,english,https://open.spotify.com/embed/track/4iJyoBOLtHqaGxP12qzhQI?utm_source=generator,Justin BieberPeaches (feat. Daniel Caesar & Giveon),"[""['canadian"", ""pop',"", ""'pop']""]",low,Neutral,0.7062221519027592
9,Justin Bieber,spotify:track:364dI1bYnvamSnBJ8JcNzN,https://open.spotify.com/track/364dI1bYnvamSnBJ8JcNzN,spotify:artist:1uNFoZAHBGtllmzznpCI3s,https://open.spotify.com/artist/1uNFoZAHBGtllmzznpCI3s,Intentions,spotify:album:55zg331p7m1EFA4uRggkwt,212868,Intentions,Intentions,0.811,0.553,9,-6.644,1,0.0552,0.317,0.0,0.105,0.86,148.014,audio_features,364dI1bYnvamSnBJ8JcNzN,spotify:track:364dI1bYnvamSnBJ8JcNzN,https://api.spotify.com/v1/tracks/364dI1bYnvamSnBJ8JcNzN,https://api.spotify.com/v1/audio-analysis/364dI1bYnvamSnBJ8JcNzN,212869,4,91,"['canadian pop', 'pop']",72,english,https://open.spotify.com/embed/track/364dI1bYnvamSnBJ8JcNzN?utm_source=generator,Justin BieberIntentions,"[""['canadian"", ""pop',"", ""'pop']""]",low,Neutral,0.7061810741928196
61,Deep Chills,spotify:track:5fJX0XsZwvAtiE5M6tUF1y,https://open.spotify.com/track/5fJX0XsZwvAtiE5M6tUF1y,spotify:artist:12rBrcOPP50qIan8ew4iTP,https://open.spotify.com/artist/12rBrcOPP50qIan8ew4iTP,Stay Yours,spotify:album:3sq82Kf5NOoIqFyL4eyYMi,128397,Stay Yours,Stay Yours,0.551,0.482,1,-6.404,1,0.242,0.652,0.0,0.18,0.628,200.116,audio_features,5fJX0XsZwvAtiE5M6tUF1y,spotify:track:5fJX0XsZwvAtiE5M6tUF1y,https://api.spotify.com/v1/tracks/5fJX0XsZwvAtiE5M6tUF1y,https://api.spotify.com/v1/audio-analysis/5fJX0XsZwvAtiE5M6tUF1y,128399,4,61,"['deep tropical house', 'new french touch', 'pop dance', 'pop edm', 'tropical house']",56,english,https://open.spotify.com/embed/track/5fJX0XsZwvAtiE5M6tUF1y?utm_source=generator,Deep ChillsStay Yours,"[""['deep"", 'tropical', ""house',"", ""'new"", 'french', ""touch',"", ""'pop"", ""dance',"", ""'pop"", ""edm',"", ""'tropical"", ""house']""]",low,Neutral,0.697358185434888
378,Taylor Swift,spotify:track:1D4PL9B8gOg78jiHg3FvBb,https://open.spotify.com/track/1D4PL9B8gOg78jiHg3FvBb,spotify:artist:06HL4z0CvFAxyc27GXpf02,https://open.spotify.com/artist/06HL4z0CvFAxyc27GXpf02,Love Story,spotify:album:3EzFY9Rg0PpbADMth746zi,236266,Fearless (Big Machine Radio Release Special),Love Story,0.617,0.741,2,-3.97,1,0.0311,0.131,0.0,0.0772,0.306,118.984,audio_features,1D4PL9B8gOg78jiHg3FvBb,spotify:track:1D4PL9B8gOg78jiHg3FvBb,https://api.spotify.com/v1/tracks/1D4PL9B8gOg78jiHg3FvBb,https://api.spotify.com/v1/audio-analysis/1D4PL9B8gOg78jiHg3FvBb,236267,4,100,['pop'],77,english,https://open.spotify.com/embed/track/1D4PL9B8gOg78jiHg3FvBb?utm_source=generator,Taylor SwiftLove Story,"[""['pop']""]",high,Positive,0.651512742527723
101,NAYEON,spotify:track:3lOMJTQTd6J34faYwASc33,https://open.spotify.com/track/3lOMJTQTd6J34faYwASc33,spotify:artist:1VwDG9aBflQupaFNjUru9A,https://open.spotify.com/artist/1VwDG9aBflQupaFNjUru9A,POP!,spotify:album:0wqjfojWuTcbEvwaizvTMw,168106,IM NAYEON,POP!,0.795,0.859,2,-2.994,1,0.0542,0.0361,0.0,0.0321,0.356,96.986,audio_features,3lOMJTQTd6J34faYwASc33,spotify:track:3lOMJTQTd6J34faYwASc33,https://api.spotify.com/v1/tracks/3lOMJTQTd6J34faYwASc33,https://api.spotify.com/v1/audio-analysis/3lOMJTQTd6J34faYwASc33,168107,4,65,['k-pop'],78,korean,https://open.spotify.com/embed/track/3lOMJTQTd6J34faYwASc33?utm_source=generator,NAYEONPOP!,"[""['k-pop']""]",low,Neutral,0.6500051673610354
34,The Weeknd,spotify:track:0VjIjW4GlUZAMYd2vXMi3b,https://open.spotify.com/track/0VjIjW4GlUZAMYd2vXMi3b,spotify:artist:1Xyo4u8uXC1ZmMpatF05PJ,https://open.spotify.com/artist/1Xyo4u8uXC1ZmMpatF05PJ,Blinding Lights,spotify:album:4yP0hdKOZPNshxUOjY0cZj,200040,After Hours,Blinding Lights,0.514,0.73,1,-5.934,1,0.0598,0.00146,9.54e-05,0.0897,0.334,171.005,audio_features,0VjIjW4GlUZAMYd2vXMi3b,spotify:track:0VjIjW4GlUZAMYd2vXMi3b,https://api.spotify.com/v1/tracks/0VjIjW4GlUZAMYd2vXMi3b,https://api.spotify.com/v1/audio-analysis/0VjIjW4GlUZAMYd2vXMi3b,200040,4,98,"['canadian contemporary r&b', 'canadian pop', 'pop']",91,english,https://open.spotify.com/embed/track/0VjIjW4GlUZAMYd2vXMi3b?utm_source=generator,The WeekndBlinding Lights,"[""['canadian"", 'contemporary', ""r&b',"", ""'canadian"", ""pop',"", ""'pop']""]",low,Neutral,0.6461217129699709
385,Alessia Cara,spotify:track:42ydLwx4i5V49RXHOozJZq,https://open.spotify.com/track/42ydLwx4i5V49RXHOozJZq,spotify:artist:2wUjUUtkb5lvLKcGKsKqsR,https://open.spotify.com/artist/2wUjUUtkb5lvLKcGKsKqsR,Scars To Your Beautiful,spotify:album:2AGNF8r2y8HL85yVk2bwmS,230226,Know-It-All (Deluxe),Scars To Your Beautiful,0.319,0.739,0,-5.74,1,0.272,0.0285,0.0,0.111,0.449,194.169,audio_features,42ydLwx4i5V49RXHOozJZq,spotify:track:42ydLwx4i5V49RXHOozJZq,https://api.spotify.com/v1/tracks/42ydLwx4i5V49RXHOozJZq,https://api.spotify.com/v1/audio-analysis/42ydLwx4i5V49RXHOozJZq,230227,4,75,"['canadian contemporary r&b', 'canadian pop', 'dance pop', 'pop', 'post-teen pop']",74,english,https://open.spotify.com/embed/track/42ydLwx4i5V49RXHOozJZq?utm_source=generator,Alessia CaraScars To Your Beautiful,"[""['canadian"", 'contemporary', ""r&b',"", ""'canadian"", ""pop',"", ""'dance"", ""pop',"", ""'pop',"", ""'post-teen"", ""pop']""]",high,Positive,0.6359144686363253
435,zzoilo,spotify:track:5TMLavqGRKNxgzMBrVpC9R,https://open.spotify.com/track/5TMLavqGRKNxgzMBrVpC9R,spotify:artist:7c53ZFyajVMTo08HmvoB6b,https://open.spotify.com/artist/7c53ZFyajVMTo08HmvoB6b,Mon Amour - Remix,spotify:album:4TWsxSw8df17aja6JSaar5,179940,Mon Amour (Remix),Mon Amour - Remix,0.748,0.761,2,-6.621,1,0.102,0.122,6.56e-06,0.0984,0.362,116.041,audio_features,5TMLavqGRKNxgzMBrVpC9R,spotify:track:5TMLavqGRKNxgzMBrVpC9R,https://api.spotify.com/v1/tracks/5TMLavqGRKNxgzMBrVpC9R,https://api.spotify.com/v1/audio-analysis/5TMLavqGRKNxgzMBrVpC9R,179940,4,65,[],81,english,https://open.spotify.com/embed/track/5TMLavqGRKNxgzMBrVpC9R?utm_source=generator,zzoiloMon Amour - Remix,['[]'],low,Neutral,0.6202161396547692
755,Harshavardhan Rameshwar,spotify:track:60HhoW4AZ41OMP6SJMcjfV,https://open.spotify.com/track/60HhoW4AZ41OMP6SJMcjfV,spotify:artist:5CTu6FKerxlvZrsLb6BYaU,https://open.spotify.com/artist/5CTu6FKerxlvZrsLb6BYaU,Ravanasura Anthem,spotify:album:5ag1TkyOgbML1TzJDWsZC5,246857,"Ravanasura Anthem (From ""Ravanasura"")",Ravanasura Anthem,0.612,0.905,7,-2.046,1,0.131,0.00822,0.0178,0.154,0.407,139.929,audio_features,60HhoW4AZ41OMP6SJMcjfV,spotify:track:60HhoW4AZ41OMP6SJMcjfV,https://api.spotify.com/v1/tracks/60HhoW4AZ41OMP6SJMcjfV,https://api.spotify.com/v1/audio-analysis/60HhoW4AZ41OMP6SJMcjfV,246857,4,50,[],60,telugu,https://open.spotify.com/embed/track/60HhoW4AZ41OMP6SJMcjfV?utm_source=generator,Harshavardhan RameshwarRavanasura Anthem,['[]'],low,Neutral,0.6183368719333132
509,Eduardo Luzqui単os,spotify:track:7N3AWpme64LhM1P8I6yIZx,https://open.spotify.com/track/7N3AWpme64LhM1P8I6yIZx,spotify:artist:1dXyyDButMVteLKOOVqz6Z,https://open.spotify.com/artist/1dXyyDButMVteLKOOVqz6Z,I Like It Slowed - Remix,spotify:album:3fGJkclsf74VjMEt9XJ800,296842,I Like It Slowed (Remix),I Like It Slowed - Remix,0.78,0.658,2,-6.623,1,0.105,0.12,0.0,0.339,0.536,115.439,audio_features,7N3AWpme64LhM1P8I6yIZx,spotify:track:7N3AWpme64LhM1P8I6yIZx,https://api.spotify.com/v1/tracks/7N3AWpme64LhM1P8I6yIZx,https://api.spotify.com/v1/audio-analysis/7N3AWpme64LhM1P8I6yIZx,296843,4,55,[],39,english,https://open.spotify.com/embed/track/7N3AWpme64LhM1P8I6yIZx?utm_source=generator,Eduardo Luzqui単osI Like It Slowed - Remix,['[]'],low,Neutral,0.6169411961319113
53,Marshmello,spotify:track:6VrCmhRBFnuGKmtNfk4jDs,https://open.spotify.com/track/6VrCmhRBFnuGKmtNfk4jDs,spotify:artist:64KEffDW9EtZ1y2vBYgq8T,https://open.spotify.com/artist/64KEffDW9EtZ1y2vBYgq8T,Spotlight,spotify:album:2oQFjuVpdWJWfjRXIKUKCn,177600,Spotlight,Spotlight,0.546,0.822,7,-4.483,1,0.151,0.0145,0.0,0.742,0.615,150.06,audio_features,6VrCmhRBFnuGKmtNfk4jDs,spotify:track:6VrCmhRBFnuGKmtNfk4jDs,https://api.spotify.com/v1/tracks/6VrCmhRBFnuGKmtNfk4jDs,https://api.spotify.com/v1/audio-analysis/6VrCmhRBFnuGKmtNfk4jDs,177600,4,85,"['brostep', 'dance pop', 'edm', 'pop', 'pop dance', 'progressive electro house']",72,english,https://open.spotify.com/embed/track/6VrCmhRBFnuGKmtNfk4jDs?utm_source=generator,MarshmelloSpotlight,"[""['brostep',"", ""'dance"", ""pop',"", ""'edm',"", ""'pop',"", ""'pop"", ""dance',"", ""'progressive"", 'electro', ""house']""]",low,Neutral,0.6161925827067517
165,Preet Sandhu,spotify:track:4sMRTji1MMb5PMI6AgsqpV,https://open.spotify.com/track/4sMRTji1MMb5PMI6AgsqpV,spotify:artist:65vX07QbbDkq0m0WSJvSmq,https://open.spotify.com/artist/65vX07QbbDkq0m0WSJvSmq,Haye Mazyy,spotify:album:1suLs0dTuFm4Cdm58DCLkv,172800,Haye Mazyy,Haye Mazyy,0.81,0.832,2,-6.318,1,0.156,0.0638,0.0,0.876,0.649,100.017,audio_features,4sMRTji1MMb5PMI6AgsqpV,spotify:track:4sMRTji1MMb5PMI6AgsqpV,https://api.spotify.com/v1/tracks/4sMRTji1MMb5PMI6AgsqpV,https://api.spotify.com/v1/audio-analysis/4sMRTji1MMb5PMI6AgsqpV,172800,4,37,[],48,punjabi,https://open.spotify.com/embed/track/4sMRTji1MMb5PMI6AgsqpV?utm_source=generator,Preet SandhuHaye Mazyy,['[]'],low,Neutral,0.6161705129666255
360,The Chainsmokers,spotify:track:7BKLCZ1jbUBVqRi2FVlTVw,https://open.spotify.com/track/7BKLCZ1jbUBVqRi2FVlTVw,spotify:artist:69GGBxA162lTqCwzJG5jLp,https://open.spotify.com/artist/69GGBxA162lTqCwzJG5jLp,Closer,spotify:album:0rSLgV8p5FzfnqlEk4GzxE,244960,Closer,Closer,0.748,0.524,8,-5.599,1,0.0338,0.414,0.0,0.111,0.661,95.01,audio_features,7BKLCZ1jbUBVqRi2FVlTVw,spotify:track:7BKLCZ1jbUBVqRi2FVlTVw,https://api.spotify.com/v1/tracks/7BKLCZ1jbUBVqRi2FVlTVw,https://api.spotify.com/v1/audio-analysis/7BKLCZ1jbUBVqRi2FVlTVw,244960,4,81,"['dance pop', 'edm', 'electropop', 'pop', 'pop dance', 'tropical house']",85,english,https://open.spotify.com/embed/track/7BKLCZ1jbUBVqRi2FVlTVw?utm_source=generator,The ChainsmokersCloser,"[""['dance"", ""pop',"", ""'edm',"", ""'electropop',"", ""'pop',"", ""'pop"", ""dance',"", ""'tropical"", ""house']""]",low,Neutral,0.613075251679057
921,"Rahul Sipligunj, Ramya Behara",spotify:track:0VcO1SA3oUKl1qHSUc6LxQ,https://open.spotify.com/track/0VcO1SA3oUKl1qHSUc6LxQ,spotify:artist:1FU5zchVyOx3ShCCLu9wb2,https://open.spotify.com/artist/1FU5zchVyOx3ShCCLu9wb2,Bombhaat,spotify:album:5qpZDTqwLtGVwWlSz8TcHV,243711,LIE,Bombhaat,0.835,0.823,7,-4.739,1,0.174,0.233,0.0,0.13,0.321,97.01,audio_features,0VcO1SA3oUKl1qHSUc6LxQ,spotify:track:0VcO1SA3oUKl1qHSUc6LxQ,https://api.spotify.com/v1/tracks/0VcO1SA3oUKl1qHSUc6LxQ,https://api.spotify.com/v1/audio-analysis/0VcO1SA3oUKl1qHSUc6LxQ,243711,4,37,[],54,telugu,https://open.spotify.com/embed/track/0VcO1SA3oUKl1qHSUc6LxQ?utm_source=generator,"Rahul Sipligunj, Ramya BeharaBombhaat",['[]'],low,Neutral,0.6125986678409311
424,Jessica Darrow,spotify:track:760jhRscwGbIIe1m1IIQpU,https://open.spotify.com/track/760jhRscwGbIIe1m1IIQpU,spotify:artist:4vdAAzZBUKbsrvHi6UR7B7,https://open.spotify.com/artist/4vdAAzZBUKbsrvHi6UR7B7,Surface Pressure,spotify:album:25L8ck3KGcmCo3901ztPzR,202226,Encanto (Original Motion Picture Soundtrack),Surface Pressure,0.65,0.584,2,-8.286,1,0.307,0.0174,1.54e-06,0.042,0.37,180.088,audio_features,760jhRscwGbIIe1m1IIQpU,spotify:track:760jhRscwGbIIe1m1IIQpU,https://api.spotify.com/v1/tracks/760jhRscwGbIIe1m1IIQpU,https://api.spotify.com/v1/audio-analysis/760jhRscwGbIIe1m1IIQpU,202227,4,59,[],75,english,https://open.spotify.com/embed/track/760jhRscwGbIIe1m1IIQpU?utm_source=generator,Jessica DarrowSurface Pressure,['[]'],low,Neutral,0.6120101102081409
775,Arun Kaundinya,spotify:track:04PnFadGx839AhLpL2grRR,https://open.spotify.com/track/04PnFadGx839AhLpL2grRR,spotify:artist:1ZKWEgONUTL99f0niqmUA4,https://open.spotify.com/artist/1ZKWEgONUTL99f0niqmUA4,La La Bheemla DJ Version,spotify:album:7GktC0VitF0Mtcl99vht1h,210000,Bheemla Nayak,La La Bheemla DJ Version,0.653,0.866,2,-7.556,1,0.362,0.5,0.0504,0.119,0.505,160.081,audio_features,04PnFadGx839AhLpL2grRR,spotify:track:04PnFadGx839AhLpL2grRR,https://api.spotify.com/v1/tracks/04PnFadGx839AhLpL2grRR,https://api.spotify.com/v1/audio-analysis/04PnFadGx839AhLpL2grRR,210000,4,52,[],43,telugu,https://open.spotify.com/embed/track/04PnFadGx839AhLpL2grRR?utm_source=generator,Arun KaundinyaLa La Bheemla DJ Version,['[]'],low,Neutral,0.610646030544097
448,Eduardo Luzqui単os,spotify:track:4P4SPBLAqNLeK3MfqxNb0H,https://open.spotify.com/track/4P4SPBLAqNLeK3MfqxNb0H,spotify:artist:1dXyyDButMVteLKOOVqz6Z,https://open.spotify.com/artist/1dXyyDButMVteLKOOVqz6Z,Without Me Slowed - Remix,spotify:album:3dsO3kSOMTDOnkHH2g2pWt,286211,Without Me Slowed (Remix),Without Me Slowed - Remix,0.673,0.496,7,-7.372,1,0.0383,0.242,0.0,0.0902,0.164,108.81,audio_features,4P4SPBLAqNLeK3MfqxNb0H,spotify:track:4P4SPBLAqNLeK3MfqxNb0H,https://api.spotify.com/v1/tracks/4P4SPBLAqNLeK3MfqxNb0H,https://api.spotify.com/v1/audio-analysis/4P4SPBLAqNLeK3MfqxNb0H,286211,4,55,[],52,english,https://open.spotify.com/embed/track/4P4SPBLAqNLeK3MfqxNb0H?utm_source=generator,Eduardo Luzqui単osWithout Me Slowed - Remix,['[]'],low,Neutral,0.6083822403123423
658,Goldie Sohel,spotify:track:1Oyfarj5ipZwEup8DUM7hA,https://open.spotify.com/track/1Oyfarj5ipZwEup8DUM7hA,spotify:artist:5Y9YGMxRoQYfJFj4kJ9TVv,https://open.spotify.com/artist/5Y9YGMxRoQYfJFj4kJ9TVv,Aaj Sajeya,spotify:album:5K07SMgR7RxfpsgDcNmD2o,229179,Aaj Sajeya - Single,Aaj Sajeya,0.641,0.57,7,-10.111,1,0.0665,0.883,0.00177,0.161,0.569,79.931,audio_features,1Oyfarj5ipZwEup8DUM7hA,spotify:track:1Oyfarj5ipZwEup8DUM7hA,https://api.spotify.com/v1/tracks/1Oyfarj5ipZwEup8DUM7hA,https://api.spotify.com/v1/audio-analysis/1Oyfarj5ipZwEup8DUM7hA,229180,4,55,[],55,hindi,https://open.spotify.com/embed/track/1Oyfarj5ipZwEup8DUM7hA?utm_source=generator,Goldie SohelAaj Sajeya,['[]'],low,Neutral,0.607801935848566
922,"Anurag Kulkarni, Manisha Eerabathini",spotify:track:4jYX71osH1K8LA6r3Z7R2d,https://open.spotify.com/track/4jYX71osH1K8LA6r3Z7R2d,spotify:artist:0YjhGKEXP9w0e3wv1nczQp,https://open.spotify.com/artist/0YjhGKEXP9w0e3wv1nczQp,Aagi Aagi,spotify:album:4MkKodjpwHZ6sjA0q5pyr4,408000,Ee Nagaraniki Emaindi,Aagi Aagi,0.587,0.411,7,-8.245,1,0.0336,0.574,1.79e-05,0.121,0.609,133.066,audio_features,4jYX71osH1K8LA6r3Z7R2d,spotify:track:4jYX71osH1K8LA6r3Z7R2d,https://api.spotify.com/v1/tracks/4jYX71osH1K8LA6r3Z7R2d,https://api.spotify.com/v1/audio-analysis/4jYX71osH1K8LA6r3Z7R2d,408000,4,32,[],49,telugu,https://open.spotify.com/embed/track/4jYX71osH1K8LA6r3Z7R2d?utm_source=generator,"Anurag Kulkarni, Manisha EerabathiniAagi Aagi",['[]'],low,Neutral,0.6072741818251295
1552,Leslee Lewis,spotify:track:3hmCkdpLim4GvbxsQg4FD0,https://open.spotify.com/track/3hmCkdpLim4GvbxsQg4FD0,spotify:artist:42mDOvp3BiaMBM3ae4zWwV,https://open.spotify.com/artist/42mDOvp3BiaMBM3ae4zWwV,King,spotify:album:54mFC7GsC3ef109KCO3fGZ,324745,King (Original Motion Picture Soundtrack),King,0.898,0.811,7,-4.061,1,0.0774,0.026,0.000842,0.288,0.703,105.015,audio_features,3hmCkdpLim4GvbxsQg4FD0,spotify:track:3hmCkdpLim4GvbxsQg4FD0,https://api.spotify.com/v1/tracks/3hmCkdpLim4GvbxsQg4FD0,https://api.spotify.com/v1/audio-analysis/3hmCkdpLim4GvbxsQg4FD0,324745,4,45,[],0,telugu,https://open.spotify.com/embed/track/3hmCkdpLim4GvbxsQg4FD0?utm_source=generator,Leslee LewisKing,['[]'],low,Neutral,0.6067573984005399
1090,Sreenidhi,spotify:track:5krDQ05bpwqDYOTwZMrbN0,https://open.spotify.com/track/5krDQ05bpwqDYOTwZMrbN0,spotify:artist:6VLh99aZPrJfAo8N4yGJpM,https://open.spotify.com/artist/6VLh99aZPrJfAo8N4yGJpM,Kannaa Nidurinchara,spotify:album:7B0qsVSWw3Cn8pngsHYNVQ,290952,Baahubali 2 - The Conclusion,Kannaa Nidurinchara,0.765,0.575,2,-9.499,1,0.052,0.802,0.00368,0.124,0.693,104.972,audio_features,5krDQ05bpwqDYOTwZMrbN0,spotify:track:5krDQ05bpwqDYOTwZMrbN0,https://api.spotify.com/v1/tracks/5krDQ05bpwqDYOTwZMrbN0,https://api.spotify.com/v1/audio-analysis/5krDQ05bpwqDYOTwZMrbN0,290953,4,32,[],42,telugu,https://open.spotify.com/embed/track/5krDQ05bpwqDYOTwZMrbN0?utm_source=generator,SreenidhiKannaa Nidurinchara,['[]'],low,Neutral,0.6059061060404529
10,Marshmello,spotify:track:12mGwph2YzDIlChtq3EdXP,https://open.spotify.com/track/12mGwph2YzDIlChtq3EdXP,spotify:artist:64KEffDW9EtZ1y2vBYgq8T,https://open.spotify.com/artist/64KEffDW9EtZ1y2vBYgq8T,Alone,spotify:album:2v4Crisjd4sT782Jvn7ISC,273802,Alone,Alone,0.636,0.953,2,-3.74,1,0.0353,0.0244,0.0164,0.108,0.397,142.011,audio_features,12mGwph2YzDIlChtq3EdXP,spotify:track:12mGwph2YzDIlChtq3EdXP,https://api.spotify.com/v1/tracks/12mGwph2YzDIlChtq3EdXP,https://api.spotify.com/v1/audio-analysis/12mGwph2YzDIlChtq3EdXP,273803,4,85,"['brostep', 'dance pop', 'edm', 'pop', 'pop dance', 'progressive electro house']",16,english,https://open.spotify.com/embed/track/12mGwph2YzDIlChtq3EdXP?utm_source=generator,MarshmelloAlone,"[""['brostep',"", ""'dance"", ""pop',"", ""'edm',"", ""'pop',"", ""'pop"", ""dance',"", ""'progressive"", 'electro', ""house']""]",low,Neutral,0.6029206553651667
1739,"Sandeep Chowta, Sruthipatak",spotify:track:4vFYVcfZoP1IjPtcq74anI,https://open.spotify.com/track/4vFYVcfZoP1IjPtcq74anI,spotify:artist:6kNiyglq0fEekCOm4kulQZ,https://open.spotify.com/artist/6kNiyglq0fEekCOm4kulQZ,Sudue Sude,spotify:album:2IBKJl80wW380EoMpAVwhT,248474,Bujjigadu,Sudue Sude,0.795,0.672,7,-7.862,1,0.121,0.0435,0.33,0.055,0.771,95.04,audio_features,4vFYVcfZoP1IjPtcq74anI,spotify:track:4vFYVcfZoP1IjPtcq74anI,https://api.spotify.com/v1/tracks/4vFYVcfZoP1IjPtcq74anI,https://api.spotify.com/v1/audio-analysis/4vFYVcfZoP1IjPtcq74anI,248475,4,15,[],31,telugu,https://open.spotify.com/embed/track/4vFYVcfZoP1IjPtcq74anI?utm_source=generator,"Sandeep Chowta, SruthipatakSudue Sude",['[]'],low,Neutral,0.6010512958187049
1223,Clinton,spotify:track:4mmHb3IhYekwr1niuvx5ji,https://open.spotify.com/track/4mmHb3IhYekwr1niuvx5ji,spotify:artist:0kEZTiAxUemQeqP06npWMG,https://open.spotify.com/artist/0kEZTiAxUemQeqP06npWMG,Egire Egire,spotify:album:23d41KNwh9QranoelbtBkq,246059,Konchem Istam Konchem Kastam (Original Motion Picture Soundtrack),Egire Egire,0.594,0.726,2,-7.136,1,0.0431,0.141,0.0,0.174,0.624,95.956,audio_features,4mmHb3IhYekwr1niuvx5ji,spotify:track:4mmHb3IhYekwr1niuvx5ji,https://api.spotify.com/v1/tracks/4mmHb3IhYekwr1niuvx5ji,https://api.spotify.com/v1/audio-analysis/4mmHb3IhYekwr1niuvx5ji,246060,4,39,[],0,telugu,https://open.spotify.com/embed/track/4mmHb3IhYekwr1niuvx5ji?utm_source=generator,ClintonEgire Egire,['[]'],low,Neutral,0.6004942835528218
583,Felax,spotify:track:1rNkbWTE8VNo5Apl6FUypK,https://open.spotify.com/track/1rNkbWTE8VNo5Apl6FUypK,spotify:artist:5PeZ1m5v30OjVgzBz6PgHa,https://open.spotify.com/artist/5PeZ1m5v30OjVgzBz6PgHa,Genius,spotify:album:2EIrI5807uQGGZvhTl4XQL,255000,Genius,Genius,0.742,0.481,2,-6.712,1,0.0471,0.209,0.000391,0.216,0.251,129.265,audio_features,1rNkbWTE8VNo5Apl6FUypK,spotify:track:1rNkbWTE8VNo5Apl6FUypK,https://api.spotify.com/v1/tracks/1rNkbWTE8VNo5Apl6FUypK,https://api.spotify.com/v1/audio-analysis/1rNkbWTE8VNo5Apl6FUypK,255000,4,52,[],0,english,https://open.spotify.com/embed/track/1rNkbWTE8VNo5Apl6FUypK?utm_source=generator,FelaxGenius,['[]'],low,Neutral,0.599674463162766
1075,Jr. NTR,spotify:track:1qmfLCVMxiEpnwrPBWFmjh,https://open.spotify.com/track/1qmfLCVMxiEpnwrPBWFmjh,spotify:artist:4gYivvQ8ARDxds1heBados,https://open.spotify.com/artist/4gYivvQ8ARDxds1heBados,Rakaasi Rakaasi,spotify:album:3wS5ME6FCbGAIVymKPKGFL,251714,Rabhasa (Original Motion Picture Soundtrack),Rakaasi Rakaasi,0.806,0.72,7,-6.516,1,0.0534,0.346,0.00159,0.0369,0.7,94.975,audio_features,1qmfLCVMxiEpnwrPBWFmjh,spotify:track:1qmfLCVMxiEpnwrPBWFmjh,https://api.spotify.com/v1/tracks/1qmfLCVMxiEpnwrPBWFmjh,https://api.spotify.com/v1/audio-analysis/1qmfLCVMxiEpnwrPBWFmjh,251714,4,27,[],0,telugu,https://open.spotify.com/embed/track/1qmfLCVMxiEpnwrPBWFmjh?utm_source=generator,Jr. NTRRakaasi Rakaasi,['[]'],low,Neutral,0.5980604497300468
528,Tikitukop,spotify:track:5aTrEp6wmwduPGgfuVRdpW,https://open.spotify.com/track/5aTrEp6wmwduPGgfuVRdpW,spotify:artist:5ChJXbVBmND1HpeZ4AdO5f,https://open.spotify.com/artist/5ChJXbVBmND1HpeZ4AdO5f,Cha cha (Slowed down+Reverb),spotify:album:3mEAMDzgoAd0M1rRjcbXls,212976,Cha cha (Slowed down+Reverb),Cha cha (Slowed down+Reverb),0.464,0.853,7,-6.975,1,0.085,0.355,0.81,0.339,0.644,104.003,audio_features,5aTrEp6wmwduPGgfuVRdpW,spotify:track:5aTrEp6wmwduPGgfuVRdpW,https://api.spotify.com/v1/tracks/5aTrEp6wmwduPGgfuVRdpW,https://api.spotify.com/v1/audio-analysis/5aTrEp6wmwduPGgfuVRdpW,212976,4,23,[],26,english,https://open.spotify.com/embed/track/5aTrEp6wmwduPGgfuVRdpW?utm_source=generator,TikitukopCha cha (Slowed down+Reverb),['[]'],low,Neutral,0.5972459118183908
1195,Enthavaraku,spotify:track:6sq3fJPsFUWxDeKF9UemR8,https://open.spotify.com/track/6sq3fJPsFUWxDeKF9UemR8,spotify:artist:68EH3zHBDGfMJc0RMcmYG2,https://open.spotify.com/artist/68EH3zHBDGfMJc0RMcmYG2,Entha Varaku,spotify:album:35ffjGT4atthY24Wh5u7co,277013,Gamyam (Original Motion Picture Soundtrack),Entha Varaku,0.761,0.781,2,-9.495,1,0.0538,0.0286,0.000368,0.263,0.678,104.998,audio_features,6sq3fJPsFUWxDeKF9UemR8,spotify:track:6sq3fJPsFUWxDeKF9UemR8,https://api.spotify.com/v1/tracks/6sq3fJPsFUWxDeKF9UemR8,https://api.spotify.com/v1/audio-analysis/6sq3fJPsFUWxDeKF9UemR8,277013,4,1,[],9,telugu,https://open.spotify.com/embed/track/6sq3fJPsFUWxDeKF9UemR8?utm_source=generator,EnthavarakuEntha Varaku,['[]'],low,Neutral,0.5965956396706102
1793,Jikki,spotify:track:6h3dDN2MySiCvooSrcBaQQ,https://open.spotify.com/track/6h3dDN2MySiCvooSrcBaQQ,spotify:artist:1cXMzsmYVsprIfgnqOmgRg,https://open.spotify.com/artist/1cXMzsmYVsprIfgnqOmgRg,Alanati Ramachandrudu,spotify:album:6TvXQaqZBloTmeDgn7yb5o,321619,Murari (Original Motion Picture Soundtrack),Alanati Ramachandrudu,0.435,0.794,7,-7.274,1,0.068,0.523,0.000486,0.116,0.784,94.596,audio_features,6h3dDN2MySiCvooSrcBaQQ,spotify:track:6h3dDN2MySiCvooSrcBaQQ,https://api.spotify.com/v1/tracks/6h3dDN2MySiCvooSrcBaQQ,https://api.spotify.com/v1/audio-analysis/6h3dDN2MySiCvooSrcBaQQ,321620,4,29,[],0,telugu,https://open.spotify.com/embed/track/6h3dDN2MySiCvooSrcBaQQ?utm_source=generator,JikkiAlanati Ramachandrudu,['[]'],low,Neutral,0.5955205918422691
1105,"NTR, Rasi Kanna and Nivetha Thomas",spotify:track:4lnQlm6MPlYkAaX2fwjwdf,https://open.spotify.com/track/4lnQlm6MPlYkAaX2fwjwdf,spotify:artist:6je2NO6svM8SvUA32NfmHX,https://open.spotify.com/artist/6je2NO6svM8SvUA32NfmHX,Nee Kallalona,spotify:album:6sJPNrkIGAphB2pYDstltE,235416,Jai Lava Kusa,Nee Kallalona,0.67,0.879,2,-6.031,1,0.088,0.244,0.0589,0.0907,0.856,130.234,audio_features,4lnQlm6MPlYkAaX2fwjwdf,spotify:track:4lnQlm6MPlYkAaX2fwjwdf,https://api.spotify.com/v1/tracks/4lnQlm6MPlYkAaX2fwjwdf,https://api.spotify.com/v1/audio-analysis/4lnQlm6MPlYkAaX2fwjwdf,235417,4,0,[],0,telugu,https://open.spotify.com/embed/track/4lnQlm6MPlYkAaX2fwjwdf?utm_source=generator,"NTR, Rasi Kanna and Nivetha ThomasNee Kallalona",['[]'],low,Neutral,0.5946855378492515
1114,Soumya Raoh,spotify:track:0xHu4mCBNL8Qm6pimpOcZ3,https://open.spotify.com/track/0xHu4mCBNL8Qm6pimpOcZ3,spotify:artist:5bzdZQDOEvtS60ELGcNlqY,https://open.spotify.com/artist/5bzdZQDOEvtS60ELGcNlqY,Awaara,spotify:album:1Vc62vkQkvfqiORsaPC11S,262189,Josh,Awaara,0.831,0.851,7,-5.299,1,0.0919,0.0297,0.00813,0.108,0.847,109.97,audio_features,0xHu4mCBNL8Qm6pimpOcZ3,spotify:track:0xHu4mCBNL8Qm6pimpOcZ3,https://api.spotify.com/v1/tracks/0xHu4mCBNL8Qm6pimpOcZ3,https://api.spotify.com/v1/audio-analysis/0xHu4mCBNL8Qm6pimpOcZ3,262190,4,0,[],0,telugu,https://open.spotify.com/embed/track/0xHu4mCBNL8Qm6pimpOcZ3?utm_source=generator,Soumya RaohAwaara,['[]'],low,Neutral,0.5944152254334938
1867,Mahesh Babu,spotify:track:5Gz8TYeeIkc0ltdyDyVdPJ,https://open.spotify.com/track/5Gz8TYeeIkc0ltdyDyVdPJ,spotify:artist:3fHBN4cBo24hLf8jnCUTYK,https://open.spotify.com/artist/3fHBN4cBo24hLf8jnCUTYK,Businessman - Theme Music,spotify:album:2ym9kT2InH59EBgJVTrLve,167240,Businessman (Original Motion Picture Soundtrack),Businessman - Theme Music,0.712,0.68,2,-8.888,1,0.0486,0.508,0.0135,0.145,0.426,100.978,audio_features,5Gz8TYeeIkc0ltdyDyVdPJ,spotify:track:5Gz8TYeeIkc0ltdyDyVdPJ,https://api.spotify.com/v1/tracks/5Gz8TYeeIkc0ltdyDyVdPJ,https://api.spotify.com/v1/audio-analysis/5Gz8TYeeIkc0ltdyDyVdPJ,167240,4,13,[],0,telugu,https://open.spotify.com/embed/track/5Gz8TYeeIkc0ltdyDyVdPJ?utm_source=generator,Mahesh BabuBusinessman - Theme Music,['[]'],low,Neutral,0.5924632129240474
1533,"NTR, Rasi Kanna and Nivetha Thomas",spotify:track:0kNuxF4K4WdilNfGs5FKEL,https://open.spotify.com/track/0kNuxF4K4WdilNfGs5FKEL,spotify:artist:6je2NO6svM8SvUA32NfmHX,https://open.spotify.com/artist/6je2NO6svM8SvUA32NfmHX,Raavana,spotify:album:6sJPNrkIGAphB2pYDstltE,258143,Jai Lava Kusa,Raavana,0.596,0.897,7,-5.488,1,0.0496,0.118,4.5e-05,0.106,0.63,79.973,audio_features,0kNuxF4K4WdilNfGs5FKEL,spotify:track:0kNuxF4K4WdilNfGs5FKEL,https://api.spotify.com/v1/tracks/0kNuxF4K4WdilNfGs5FKEL,https://api.spotify.com/v1/audio-analysis/0kNuxF4K4WdilNfGs5FKEL,258143,4,0,[],0,telugu,https://open.spotify.com/embed/track/0kNuxF4K4WdilNfGs5FKEL?utm_source=generator,"NTR, Rasi Kanna and Nivetha ThomasRaavana",['[]'],low,Neutral,0.5906722491826801
1503,N.T.R,spotify:track:15spnzhPzM3HVFWgXmXaik,https://open.spotify.com/track/15spnzhPzM3HVFWgXmXaik,spotify:artist:25wcm2nsxU2JfXGvDaVSKU,https://open.spotify.com/artist/25wcm2nsxU2JfXGvDaVSKU,123 Nenoka Kantri,spotify:album:6uSs71Stbz7ahnbbHl6Jwf,269217,Kantri,123 Nenoka Kantri,0.832,0.814,7,-5.621,1,0.181,0.0327,0.00176,0.027,0.571,87.027,audio_features,15spnzhPzM3HVFWgXmXaik,spotify:track:15spnzhPzM3HVFWgXmXaik,https://api.spotify.com/v1/tracks/15spnzhPzM3HVFWgXmXaik,https://api.spotify.com/v1/audio-analysis/15spnzhPzM3HVFWgXmXaik,269218,4,1,[],0,telugu,https://open.spotify.com/embed/track/15spnzhPzM3HVFWgXmXaik?utm_source=generator,N.T.R123 Nenoka Kantri,['[]'],low,Neutral,0.5896770793279237
589,LOFIWRLD,spotify:track:3CkBXjxEnknly7tPT29p3N,https://open.spotify.com/track/3CkBXjxEnknly7tPT29p3N,spotify:artist:4ss14vekJta39kkO9qMBUz,https://open.spotify.com/artist/4ss14vekJta39kkO9qMBUz,Tujh Mein Rab Dikta Hai - Slowed + Reverb,spotify:album:4EccSJAaomXRkIlbP2I3zo,303078,Tujh Mein Rab Dikta Hai - Slowed + Reverb,Tujh Mein Rab Dikta Hai - Slowed + Reverb,0.597,0.555,7,-11.339,1,0.0692,0.642,6.4e-05,0.206,0.694,78.99,audio_features,3CkBXjxEnknly7tPT29p3N,spotify:track:3CkBXjxEnknly7tPT29p3N,https://api.spotify.com/v1/tracks/3CkBXjxEnknly7tPT29p3N,https://api.spotify.com/v1/audio-analysis/3CkBXjxEnknly7tPT29p3N,303078,4,0,[],0,english,https://open.spotify.com/embed/track/3CkBXjxEnknly7tPT29p3N?utm_source=generator,LOFIWRLDTujh Mein Rab Dikta Hai - Slowed + Reverb,['[]'],low,Neutral,0.5852591911842224
946,"Armaan Malik, Yamini Ghantasala",spotify:track:6V04mwH0PoEUsK8FBPbjjw,https://open.spotify.com/track/6V04mwH0PoEUsK8FBPbjjw,spotify:artist:1R9XHLrtrZu4cW893My4zq,https://open.spotify.com/artist/1R9XHLrtrZu4cW893My4zq,Ninne Ninne,spotify:album:1tDCO1qwiMkwQbJLBg48qK,200918,Aswathama,Ninne Ninne,0.455,0.785,7,-10.013,1,0.374,0.222,2.65e-06,0.148,0.177,85.32,audio_features,6V04mwH0PoEUsK8FBPbjjw,spotify:track:6V04mwH0PoEUsK8FBPbjjw,https://api.spotify.com/v1/tracks/6V04mwH0PoEUsK8FBPbjjw,https://api.spotify.com/v1/audio-analysis/6V04mwH0PoEUsK8FBPbjjw,200918,5,5,[],19,telugu,https://open.spotify.com/embed/track/6V04mwH0PoEUsK8FBPbjjw?utm_source=generator,"Armaan Malik, Yamini GhantasalaNinne Ninne",['[]'],low,Neutral,0.5836894445028562
15,Jason Derulo,spotify:track:59qrUpoplZxbIZxk6X0Bm3,https://open.spotify.com/track/59qrUpoplZxbIZxk6X0Bm3,spotify:artist:07YZf4WDAMNwqr4jfgOZ8y,https://open.spotify.com/artist/07YZf4WDAMNwqr4jfgOZ8y,Take You Dancing,spotify:album:3II80i5KpS38r0QjNzu8ly,190306,Take You Dancing,Take You Dancing,0.789,0.711,2,-4.248,1,0.041,0.0332,0.0,0.0876,0.753,112.985,audio_features,59qrUpoplZxbIZxk6X0Bm3,spotify:track:59qrUpoplZxbIZxk6X0Bm3,https://api.spotify.com/v1/tracks/59qrUpoplZxbIZxk6X0Bm3,https://api.spotify.com/v1/audio-analysis/59qrUpoplZxbIZxk6X0Bm3,190306,4,80,"['dance pop', 'pop', 'pop rap', 'post-teen pop']",76,english,https://open.spotify.com/embed/track/59qrUpoplZxbIZxk6X0Bm3?utm_source=generator,Jason DeruloTake You Dancing,"[""['dance"", ""pop',"", ""'pop',"", ""'pop"", ""rap',"", ""'post-teen"", ""pop']""]",low,Neutral,0.580197156366001
565,Pepereono,spotify:track:58VPtdysli8D9VWY0HkZGx,https://open.spotify.com/track/58VPtdysli8D9VWY0HkZGx,spotify:artist:6fVE46apOhzuMVCWf541K8,https://open.spotify.com/artist/6fVE46apOhzuMVCWf541K8,I know we're just friends but,spotify:album:3u08nv9UfEeJzGKtFWmoFN,135325,I know we're just friends but,I know we're just friends but,0.504,0.334,7,-10.41,1,0.447,0.68,0.0,0.582,0.642,125.756,audio_features,58VPtdysli8D9VWY0HkZGx,spotify:track:58VPtdysli8D9VWY0HkZGx,https://api.spotify.com/v1/tracks/58VPtdysli8D9VWY0HkZGx,https://api.spotify.com/v1/audio-analysis/58VPtdysli8D9VWY0HkZGx,135326,4,0,[],0,english,https://open.spotify.com/embed/track/58VPtdysli8D9VWY0HkZGx?utm_source=generator,PepereonoI know we're just friends but,['[]'],low,Neutral,0.578712348350205
113,GOT the beat,spotify:track:3LCwQoTrdQgHsGJE5gGVqx,https://open.spotify.com/track/3LCwQoTrdQgHsGJE5gGVqx,spotify:artist:6uNxlIP5lzPFf0BHuELOuX,https://open.spotify.com/artist/6uNxlIP5lzPFf0BHuELOuX,Step Back,spotify:album:3gwL04bGAX4Kc2D5Wd7NMk,228613,Step Back,Step Back,0.636,0.81,1,-2.035,1,0.101,0.0205,1.04e-05,0.596,0.611,161.897,audio_features,3LCwQoTrdQgHsGJE5gGVqx,spotify:track:3LCwQoTrdQgHsGJE5gGVqx,https://api.spotify.com/v1/tracks/3LCwQoTrdQgHsGJE5gGVqx,https://api.spotify.com/v1/audio-analysis/3LCwQoTrdQgHsGJE5gGVqx,228613,4,61,['k-pop'],70,korean,https://open.spotify.com/embed/track/3LCwQoTrdQgHsGJE5gGVqx?utm_source=generator,GOT the beatStep Back,"[""['k-pop']""]",low,Neutral,0.5770544808307192
526,Mokiqinso,spotify:track:3zx2l4GLEg6ImNlgV3E00a,https://open.spotify.com/track/3zx2l4GLEg6ImNlgV3E00a,spotify:artist:4e8pztDvkofTfDoklwcm2d,https://open.spotify.com/artist/4e8pztDvkofTfDoklwcm2d,She knows - Slowed+reverb,spotify:album:4KfNnbBRuxQ2XTAKP9IaHH,310016,She knows (Slowed+reverb),She knows - Slowed+reverb,0.691,0.46,7,-15.791,1,0.0739,0.0412,0.00625,0.083,0.215,97.955,audio_features,3zx2l4GLEg6ImNlgV3E00a,spotify:track:3zx2l4GLEg6ImNlgV3E00a,https://api.spotify.com/v1/tracks/3zx2l4GLEg6ImNlgV3E00a,https://api.spotify.com/v1/audio-analysis/3zx2l4GLEg6ImNlgV3E00a,310016,4,0,[],0,english,https://open.spotify.com/embed/track/3zx2l4GLEg6ImNlgV3E00a?utm_source=generator,MokiqinsoShe knows - Slowed+reverb,['[]'],low,Neutral,0.5768813980598402
22,Harry Styles,spotify:track:6UelLqGlWMcVH1E5c4H7lY,https://open.spotify.com/track/6UelLqGlWMcVH1E5c4H7lY,spotify:artist:6KImCVD70vtIoJWnq6nGn3,https://open.spotify.com/artist/6KImCVD70vtIoJWnq6nGn3,Watermelon Sugar,spotify:album:7xV2TzoaVc0ycW7fwBwAml,174000,Fine Line,Watermelon Sugar,0.548,0.816,0,-4.209,1,0.0465,0.122,0.0,0.335,0.557,95.39,audio_features,6UelLqGlWMcVH1E5c4H7lY,spotify:track:6UelLqGlWMcVH1E5c4H7lY,https://api.spotify.com/v1/tracks/6UelLqGlWMcVH1E5c4H7lY,https://api.spotify.com/v1/audio-analysis/6UelLqGlWMcVH1E5c4H7lY,174000,4,90,['pop'],89,english,https://open.spotify.com/embed/track/6UelLqGlWMcVH1E5c4H7lY?utm_source=generator,Harry StylesWatermelon Sugar,"[""['pop']""]",low,Neutral,0.57595636024144
412,Olivia Rodrigo,spotify:track:4ZtFanR9U6ndgddUvNcjcG,https://open.spotify.com/track/4ZtFanR9U6ndgddUvNcjcG,spotify:artist:1McMsnEElThX1knmY4oliG,https://open.spotify.com/artist/1McMsnEElThX1knmY4oliG,good 4 u,spotify:album:6s84u2TUpR3wdUv4NgKA2j,178146,SOUR,good 4 u,0.563,0.664,9,-5.044,1,0.154,0.335,0.0,0.0849,0.688,166.928,audio_features,4ZtFanR9U6ndgddUvNcjcG,spotify:track:4ZtFanR9U6ndgddUvNcjcG,https://api.spotify.com/v1/tracks/4ZtFanR9U6ndgddUvNcjcG,https://api.spotify.com/v1/audio-analysis/4ZtFanR9U6ndgddUvNcjcG,178147,4,84,['pop'],86,english,https://open.spotify.com/embed/track/4ZtFanR9U6ndgddUvNcjcG?utm_source=generator,Olivia Rodrigogood 4 u,"[""['pop']""]",high,Positive,0.5750034456781477
377,Taylor Swift,spotify:track:1u8c2t2Cy7UBoG4ArRcF5g,https://open.spotify.com/track/1u8c2t2Cy7UBoG4ArRcF5g,spotify:artist:06HL4z0CvFAxyc27GXpf02,https://open.spotify.com/artist/06HL4z0CvFAxyc27GXpf02,Blank Space,spotify:album:1yGbNOtRIgdIiGHOEBaZWf,231826,1989 (Deluxe),Blank Space,0.76,0.703,5,-5.412,1,0.054,0.103,0.0,0.0913,0.57,95.997,audio_features,1u8c2t2Cy7UBoG4ArRcF5g,spotify:track:1u8c2t2Cy7UBoG4ArRcF5g,https://api.spotify.com/v1/tracks/1u8c2t2Cy7UBoG4ArRcF5g,https://api.spotify.com/v1/audio-analysis/1u8c2t2Cy7UBoG4ArRcF5g,231827,4,100,['pop'],86,english,https://open.spotify.com/embed/track/1u8c2t2Cy7UBoG4ArRcF5g?utm_source=generator,Taylor SwiftBlank Space,"[""['pop']""]",low,Neutral,0.5746776016048654
555,LifeChill,spotify:track:3Ndtwv9EBFWJ5yJeJxjOIW,https://open.spotify.com/track/3Ndtwv9EBFWJ5yJeJxjOIW,spotify:artist:3hu7U0bMEfw6jYxjekPaXY,https://open.spotify.com/artist/3hu7U0bMEfw6jYxjekPaXY,In Another Life Lofi,spotify:album:2OOX0bzLCNLca4qvcx9cwv,274459,In Another Life Lofi,In Another Life Lofi,0.256,0.568,2,-9.466,1,0.159,0.746,0.0108,0.352,0.0656,204.687,audio_features,3Ndtwv9EBFWJ5yJeJxjOIW,spotify:track:3Ndtwv9EBFWJ5yJeJxjOIW,https://api.spotify.com/v1/tracks/3Ndtwv9EBFWJ5yJeJxjOIW,https://api.spotify.com/v1/audio-analysis/3Ndtwv9EBFWJ5yJeJxjOIW,274460,4,0,[],0,english,https://open.spotify.com/embed/track/3Ndtwv9EBFWJ5yJeJxjOIW?utm_source=generator,LifeChillIn Another Life Lofi,['[]'],low,Neutral,0.5744981294395468
40,Harry Styles,spotify:track:3jjujdWJ72nww5eGnfs2E7,https://open.spotify.com/track/3jjujdWJ72nww5eGnfs2E7,spotify:artist:6KImCVD70vtIoJWnq6nGn3,https://open.spotify.com/artist/6KImCVD70vtIoJWnq6nGn3,Adore You,spotify:album:7xV2TzoaVc0ycW7fwBwAml,207133,Fine Line,Adore You,0.676,0.771,8,-3.675,1,0.0483,0.0237,7e-06,0.102,0.569,99.048,audio_features,3jjujdWJ72nww5eGnfs2E7,spotify:track:3jjujdWJ72nww5eGnfs2E7,https://api.spotify.com/v1/tracks/3jjujdWJ72nww5eGnfs2E7,https://api.spotify.com/v1/audio-analysis/3jjujdWJ72nww5eGnfs2E7,207133,4,90,['pop'],85,english,https://open.spotify.com/embed/track/3jjujdWJ72nww5eGnfs2E7?utm_source=generator,Harry StylesAdore You,"[""['pop']""]",low,Neutral,0.5742834877490595
114,CHUNG HA,spotify:track:3QD0Y1tTngihByjdWC99lG,https://open.spotify.com/track/3QD0Y1tTngihByjdWC99lG,spotify:artist:2PSJ6YriU7JsFucxACpU7Y,https://open.spotify.com/artist/2PSJ6YriU7JsFucxACpU7Y,Killing Me,spotify:album:21jf5kUkK5nHYTuZ5GRZVW,164053,Killing Me,Killing Me,0.722,0.851,10,-2.589,1,0.264,0.35,0.0,0.0661,0.763,122.012,audio_features,3QD0Y1tTngihByjdWC99lG,spotify:track:3QD0Y1tTngihByjdWC99lG,https://api.spotify.com/v1/tracks/3QD0Y1tTngihByjdWC99lG,https://api.spotify.com/v1/audio-analysis/3QD0Y1tTngihByjdWC99lG,164053,4,62,['k-pop'],62,korean,https://open.spotify.com/embed/track/3QD0Y1tTngihByjdWC99lG?utm_source=generator,CHUNG HAKilling Me,"[""['k-pop']""]",low,Neutral,0.5722138110309193
33,Maroon 5,spotify:track:7fa9MBXhVfQ8P8Df9OEbD8,https://open.spotify.com/track/7fa9MBXhVfQ8P8Df9OEbD8,spotify:artist:04gDigrS5kc9YWfZHwBETP,https://open.spotify.com/artist/04gDigrS5kc9YWfZHwBETP,Girls Like You (feat. Cardi B) - Cardi B Version,spotify:album:1Li4rADxSxjT2g4xqUcMYh,235545,Red Pill Blues (Deluxe),Girls Like You (feat. Cardi B) - Cardi B Version,0.851,0.541,0,-6.825,1,0.0505,0.568,0.0,0.13,0.448,124.959,audio_features,7fa9MBXhVfQ8P8Df9OEbD8,spotify:track:7fa9MBXhVfQ8P8Df9OEbD8,https://api.spotify.com/v1/tracks/7fa9MBXhVfQ8P8Df9OEbD8,https://api.spotify.com/v1/audio-analysis/7fa9MBXhVfQ8P8Df9OEbD8,235545,4,86,['pop'],74,english,https://open.spotify.com/embed/track/7fa9MBXhVfQ8P8Df9OEbD8?utm_source=generator,Maroon 5Girls Like You (feat. Cardi B) - Cardi B Version,"[""['pop']""]",low,Neutral,0.5715915245890493
374,SHAUN,spotify:track:1ZLrDPgR7mvuTco3rQK8Pk,https://open.spotify.com/track/1ZLrDPgR7mvuTco3rQK8Pk,spotify:artist:72nLe76yBFSlP6VBzME358,https://open.spotify.com/artist/72nLe76yBFSlP6VBzME358,Way Back Home (feat. Conor Maynard) - Sam Feldt Edit,spotify:album:13aeLAMXve4Jxd8mNKu068,192452,Way Back Home (feat. Conor Maynard) [Sam Feldt Edit],Way Back Home (feat. Conor Maynard) - Sam Feldt Edit,0.737,0.747,10,-4.818,1,0.0323,0.269,0.0,0.219,0.447,105.943,audio_features,1ZLrDPgR7mvuTco3rQK8Pk,spotify:track:1ZLrDPgR7mvuTco3rQK8Pk,https://api.spotify.com/v1/tracks/1ZLrDPgR7mvuTco3rQK8Pk,https://api.spotify.com/v1/audio-analysis/1ZLrDPgR7mvuTco3rQK8Pk,192453,4,62,['k-pop'],72,english,https://open.spotify.com/embed/track/1ZLrDPgR7mvuTco3rQK8Pk?utm_source=generator,SHAUNWay Back Home (feat. Conor Maynard) - Sam Feldt Edit,"[""['k-pop']""]",low,Neutral,0.5709649741399097
5,Maroon 5,spotify:track:4cktbXiXOapiLBMprHFErI,https://open.spotify.com/track/4cktbXiXOapiLBMprHFErI,spotify:artist:04gDigrS5kc9YWfZHwBETP,https://open.spotify.com/artist/04gDigrS5kc9YWfZHwBETP,Memories,spotify:album:1pCA38N6MkLlthXtAOvZTU,189486,JORDI (Deluxe),Memories,0.775,0.327,11,-7.241,1,0.0557,0.841,0.0,0.0821,0.595,91.05,audio_features,4cktbXiXOapiLBMprHFErI,spotify:track:4cktbXiXOapiLBMprHFErI,https://api.spotify.com/v1/tracks/4cktbXiXOapiLBMprHFErI,https://api.spotify.com/v1/audio-analysis/4cktbXiXOapiLBMprHFErI,189486,4,86,['pop'],83,english,https://open.spotify.com/embed/track/4cktbXiXOapiLBMprHFErI?utm_source=generator,Maroon 5Memories,"[""['pop']""]",low,Neutral,0.5670868364601628
440,The Weeknd,spotify:track:2D4dV2KXDTszzJ3p3cFqhA,https://open.spotify.com/track/2D4dV2KXDTszzJ3p3cFqhA,spotify:artist:1Xyo4u8uXC1ZmMpatF05PJ,https://open.spotify.com/artist/1Xyo4u8uXC1ZmMpatF05PJ,Less Than Zero,spotify:album:2nLOHgzXzwFEpl62zAgCEC,211814,Dawn FM,Less Than Zero,0.535,0.791,0,-5.55,1,0.0327,0.00096,0.000155,0.0788,0.5,142.981,audio_features,2D4dV2KXDTszzJ3p3cFqhA,spotify:track:2D4dV2KXDTszzJ3p3cFqhA,https://api.spotify.com/v1/tracks/2D4dV2KXDTszzJ3p3cFqhA,https://api.spotify.com/v1/audio-analysis/2D4dV2KXDTszzJ3p3cFqhA,211814,4,98,"['canadian contemporary r&b', 'canadian pop', 'pop']",79,english,https://open.spotify.com/embed/track/2D4dV2KXDTszzJ3p3cFqhA?utm_source=generator,The WeekndLess Than Zero,"[""['canadian"", 'contemporary', ""r&b',"", ""'canadian"", ""pop',"", ""'pop']""]",low,Negative,0.5669196008035878
26,HRVY,spotify:track:3wuR0YSNdT9rgWfFi1lctv,https://open.spotify.com/track/3wuR0YSNdT9rgWfFi1lctv,spotify:artist:28y6CyJNkGNjJQKrlx4AmN,https://open.spotify.com/artist/28y6CyJNkGNjJQKrlx4AmN,Million Ways,spotify:album:1xt2BkbHWFWZbQqP5iFHwe,169887,Million Ways,Million Ways,0.645,0.803,6,-4.819,1,0.034,0.0312,0.0,0.13,0.471,106.03,audio_features,3wuR0YSNdT9rgWfFi1lctv,spotify:track:3wuR0YSNdT9rgWfFi1lctv,https://api.spotify.com/v1/tracks/3wuR0YSNdT9rgWfFi1lctv,https://api.spotify.com/v1/audio-analysis/3wuR0YSNdT9rgWfFi1lctv,169887,4,66,"['dance pop', 'pop', 'pop dance', 'post-teen pop', 'social media pop', 'tropical house']",60,english,https://open.spotify.com/embed/track/3wuR0YSNdT9rgWfFi1lctv?utm_source=generator,HRVYMillion Ways,"[""['dance"", ""pop',"", ""'pop',"", ""'pop"", ""dance',"", ""'post-teen"", ""pop',"", ""'social"", 'media', ""pop',"", ""'tropical"", ""house']""]",low,Neutral,0.5659656964655713
431,The Weeknd,spotify:track:2Ghp894n1laIf2w98VeAOJ,https://open.spotify.com/track/2Ghp894n1laIf2w98VeAOJ,spotify:artist:1Xyo4u8uXC1ZmMpatF05PJ,https://open.spotify.com/artist/1Xyo4u8uXC1ZmMpatF05PJ,How Do I Make You Love Me?,spotify:album:2nLOHgzXzwFEpl62zAgCEC,214214,Dawn FM,How Do I Make You Love Me?,0.805,0.498,7,-7.927,0,0.0737,0.0203,2.37e-05,0.085,0.636,121.006,audio_features,2Ghp894n1laIf2w98VeAOJ,spotify:track:2Ghp894n1laIf2w98VeAOJ,https://api.spotify.com/v1/tracks/2Ghp894n1laIf2w98VeAOJ,https://api.spotify.com/v1/audio-analysis/2Ghp894n1laIf2w98VeAOJ,214215,4,98,"['canadian contemporary r&b', 'canadian pop', 'pop']",71,english,https://open.spotify.com/embed/track/2Ghp894n1laIf2w98VeAOJ?utm_source=generator,The WeekndHow Do I Make You Love Me?,"[""['canadian"", 'contemporary', ""r&b',"", ""'canadian"", ""pop',"", ""'pop']""]",high,Positive,0.5649184873365354
0,Sabrina Carpenter,spotify:track:03B2SfXuvDh1m9F4tqrX07,https://open.spotify.com/track/03B2SfXuvDh1m9F4tqrX07,spotify:artist:74KM79TiuVKeVCqs8QtB0B,https://open.spotify.com/artist/74KM79TiuVKeVCqs8QtB0B,Skin,spotify:album:6JISV6SiJtQnIsNC6OVpUf,177500,Skin,Skin,0.557,0.457,7,-5.372,1,0.0335,0.428,0.0,0.0567,0.328,105.918,audio_features,03B2SfXuvDh1m9F4tqrX07,spotify:track:03B2SfXuvDh1m9F4tqrX07,https://api.spotify.com/v1/tracks/03B2SfXuvDh1m9F4tqrX07,https://api.spotify.com/v1/audio-analysis/03B2SfXuvDh1m9F4tqrX07,177500,4,80,"['dance pop', 'pop', 'post-teen pop']",67,english,https://open.spotify.com/embed/track/03B2SfXuvDh1m9F4tqrX07?utm_source=generator,Sabrina CarpenterSkin,"[""['dance"", ""pop',"", ""'pop',"", ""'post-teen"", ""pop']""]",low,Neutral,0.5623097886748438
441,Olivia Rodrigo,spotify:track:5CZ40GBx1sQ9agT82CLQCT,https://open.spotify.com/track/5CZ40GBx1sQ9agT82CLQCT,spotify:artist:1McMsnEElThX1knmY4oliG,https://open.spotify.com/artist/1McMsnEElThX1knmY4oliG,traitor,spotify:album:6s84u2TUpR3wdUv4NgKA2j,229226,SOUR,traitor,0.38,0.339,3,-7.885,1,0.0338,0.691,0.0,0.12,0.0849,100.607,audio_features,5CZ40GBx1sQ9agT82CLQCT,spotify:track:5CZ40GBx1sQ9agT82CLQCT,https://api.spotify.com/v1/tracks/5CZ40GBx1sQ9agT82CLQCT,https://api.spotify.com/v1/audio-analysis/5CZ40GBx1sQ9agT82CLQCT,229227,4,84,['pop'],86,english,https://open.spotify.com/embed/track/5CZ40GBx1sQ9agT82CLQCT?utm_source=generator,Olivia Rodrigotraitor,"[""['pop']""]",low,Neutral,0.5576332145476345
141,Jasmine Sandlas,spotify:track:5SAyE6j6CzdCp96bBBqajb,https://open.spotify.com/track/5SAyE6j6CzdCp96bBBqajb,spotify:artist:0mJDQBWytBhOh5JB1DOQ1c,https://open.spotify.com/artist/0mJDQBWytBhOh5JB1DOQ1c,Punjabi Mutiyaran,spotify:album:1iaNKOp0lzAxUuyrL4F43y,211363,Punjabi Mutiyaran,Punjabi Mutiyaran,0.693,0.907,7,-2.765,1,0.137,0.343,0.0,0.0544,0.961,175.971,audio_features,5SAyE6j6CzdCp96bBBqajb,spotify:track:5SAyE6j6CzdCp96bBBqajb,https://api.spotify.com/v1/tracks/5SAyE6j6CzdCp96bBBqajb,https://api.spotify.com/v1/audio-analysis/5SAyE6j6CzdCp96bBBqajb,211364,4,62,"['desi pop', 'punjabi pop']",45,punjabi,https://open.spotify.com/embed/track/5SAyE6j6CzdCp96bBBqajb?utm_source=generator,Jasmine SandlasPunjabi Mutiyaran,"[""['desi"", ""pop',"", ""'punjabi"", ""pop']""]",low,Neutral,0.5569656271692426
195,B Praak,spotify:track:1x0VRoHpq5J6x7qEjJ72wh,https://open.spotify.com/track/1x0VRoHpq5J6x7qEjJ72wh,spotify:artist:56SjZARoEvag3RoKWIb16j,https://open.spotify.com/artist/56SjZARoEvag3RoKWIb16j,"Suryudivo Chandrudivo (From ""Sarileru Neekevvaru"")",spotify:album:6yszlnrNZraW6ho4e4yyej,275026,"Suryudivo Chandrudivo (From ""Sarileru Neekevvaru"")","Suryudivo Chandrudivo (From ""Sarileru Neekevvaru"")",0.713,0.769,2,-5.618,1,0.0484,0.411,4.72e-05,0.472,0.834,129.999,audio_features,1x0VRoHpq5J6x7qEjJ72wh,spotify:track:1x0VRoHpq5J6x7qEjJ72wh,https://api.spotify.com/v1/tracks/1x0VRoHpq5J6x7qEjJ72wh,https://api.spotify.com/v1/audio-analysis/1x0VRoHpq5J6x7qEjJ72wh,275027,4,73,"['desi pop', 'punjabi pop']",33,telugu,https://open.spotify.com/embed/track/1x0VRoHpq5J6x7qEjJ72wh?utm_source=generator,"B PraakSuryudivo Chandrudivo (From ""Sarileru Neekevvaru"")","[""['desi"", ""pop',"", ""'punjabi"", ""pop']""]",low,Neutral,0.5561494345608118
993,B Praak,spotify:track:0Jo6CXSF93GjT5RbL9j5M7,https://open.spotify.com/track/0Jo6CXSF93GjT5RbL9j5M7,spotify:artist:56SjZARoEvag3RoKWIb16j,https://open.spotify.com/artist/56SjZARoEvag3RoKWIb16j,Suryudivo Chandrudivo,spotify:album:6vi0HnekV5nuzXB96NOAEL,275026,Sarileru Neekevvaru,Suryudivo Chandrudivo,0.713,0.769,2,-5.618,1,0.0484,0.411,4.72e-05,0.472,0.834,129.999,audio_features,0Jo6CXSF93GjT5RbL9j5M7,spotify:track:0Jo6CXSF93GjT5RbL9j5M7,https://api.spotify.com/v1/tracks/0Jo6CXSF93GjT5RbL9j5M7,https://api.spotify.com/v1/audio-analysis/0Jo6CXSF93GjT5RbL9j5M7,275027,4,73,"['desi pop', 'punjabi pop']",31,telugu,https://open.spotify.com/embed/track/0Jo6CXSF93GjT5RbL9j5M7?utm_source=generator,B PraakSuryudivo Chandrudivo,"[""['desi"", ""pop',"", ""'punjabi"", ""pop']""]",low,Neutral,0.5557800541317812
404,Ed Sheeran,spotify:track:50nfwKoDiSYg8zOCREWAm5,https://open.spotify.com/track/50nfwKoDiSYg8zOCREWAm5,spotify:artist:6eUKZXaKkcviH0Ku9w2n3V,https://open.spotify.com/artist/6eUKZXaKkcviH0Ku9w2n3V,Shivers,spotify:album:32iAEBstCjauDhyKpGjTuq,207853,=,Shivers,0.788,0.859,2,-2.724,1,0.0856,0.281,0.0,0.0424,0.822,141.02,audio_features,50nfwKoDiSYg8zOCREWAm5,spotify:track:50nfwKoDiSYg8zOCREWAm5,https://api.spotify.com/v1/tracks/50nfwKoDiSYg8zOCREWAm5,https://api.spotify.com/v1/audio-analysis/50nfwKoDiSYg8zOCREWAm5,207853,4,92,"['pop', 'uk pop']",87,english,https://open.spotify.com/embed/track/50nfwKoDiSYg8zOCREWAm5?utm_source=generator,Ed SheeranShivers,"[""['pop',"", ""'uk"", ""pop']""]",low,Neutral,0.5538464642098625
765,Leon James,spotify:track:1PDm5kouI7FPwWxGFgmeZ0,https://open.spotify.com/track/1PDm5kouI7FPwWxGFgmeZ0,spotify:artist:0wv5i0ds2z040yx7oL6UZy,https://open.spotify.com/artist/0wv5i0ds2z040yx7oL6UZy,Avunanavaa,spotify:album:2j3dXe4RJCmzN85PwCMClE,283184,Ori Devuda,Avunanavaa,0.582,0.597,7,-6.529,1,0.0329,0.493,0.0,0.144,0.337,142.548,audio_features,1PDm5kouI7FPwWxGFgmeZ0,spotify:track:1PDm5kouI7FPwWxGFgmeZ0,https://api.spotify.com/v1/tracks/1PDm5kouI7FPwWxGFgmeZ0,https://api.spotify.com/v1/audio-analysis/1PDm5kouI7FPwWxGFgmeZ0,283184,3,66,['tamil pop'],50,telugu,https://open.spotify.com/embed/track/1PDm5kouI7FPwWxGFgmeZ0?utm_source=generator,Leon JamesAvunanavaa,"[""['tamil"", ""pop']""]",low,Neutral,0.548577284321217
415,Doja Cat,spotify:track:3DarAbFujv6eYNliUTyqtz,https://open.spotify.com/track/3DarAbFujv6eYNliUTyqtz,spotify:artist:5cj0lLjcoR7YOSnhnX0Po5,https://open.spotify.com/artist/5cj0lLjcoR7YOSnhnX0Po5,Kiss Me More (feat. SZA),spotify:album:1nAQbHeOWTfQzbOoFrvndW,208666,Planet Her,Kiss Me More (feat. SZA),0.764,0.705,8,-3.463,1,0.0284,0.259,8.92e-05,0.12,0.781,110.97,audio_features,3DarAbFujv6eYNliUTyqtz,spotify:track:3DarAbFujv6eYNliUTyqtz,https://api.spotify.com/v1/tracks/3DarAbFujv6eYNliUTyqtz,https://api.spotify.com/v1/audio-analysis/3DarAbFujv6eYNliUTyqtz,208667,4,87,"['dance pop', 'pop']",81,english,https://open.spotify.com/embed/track/3DarAbFujv6eYNliUTyqtz?utm_source=generator,Doja CatKiss Me More (feat. SZA),"[""['dance"", ""pop',"", ""'pop']""]",high,Positive,0.5455339564079601
389,Ava Max,spotify:track:7DnAm9FOTWE3cUvso43HhI,https://open.spotify.com/track/7DnAm9FOTWE3cUvso43HhI,spotify:artist:4npEfmQ6YuiwW1GpUmaq3F,https://open.spotify.com/artist/4npEfmQ6YuiwW1GpUmaq3F,Sweet but Psycho,spotify:album:26c7MmQ4w8EAvVLb4jilaM,187436,Heaven & Hell,Sweet but Psycho,0.72,0.706,1,-4.719,1,0.0473,0.0684,0.0,0.166,0.62,133.002,audio_features,7DnAm9FOTWE3cUvso43HhI,spotify:track:7DnAm9FOTWE3cUvso43HhI,https://api.spotify.com/v1/tracks/7DnAm9FOTWE3cUvso43HhI,https://api.spotify.com/v1/audio-analysis/7DnAm9FOTWE3cUvso43HhI,187436,4,82,"['dance pop', 'pop']",81,english,https://open.spotify.com/embed/track/7DnAm9FOTWE3cUvso43HhI?utm_source=generator,Ava MaxSweet but Psycho,"[""['dance"", ""pop',"", ""'pop']""]",high,Positive,0.5438370846675464
2,Avicii,spotify:track:0ct6r3EGTcMLPtrXHDvVjc,https://open.spotify.com/track/0ct6r3EGTcMLPtrXHDvVjc,spotify:artist:1vCWHaC5f2uS3yhpwWbIA6,https://open.spotify.com/artist/1vCWHaC5f2uS3yhpwWbIA6,The Nights,spotify:album:0h2knr6qpiAq0tV5ri5JMF,176658,The Days / Nights,The Nights,0.527,0.835,6,-5.298,1,0.0433,0.0166,0.0,0.249,0.654,125.983,audio_features,0ct6r3EGTcMLPtrXHDvVjc,spotify:track:0ct6r3EGTcMLPtrXHDvVjc,https://api.spotify.com/v1/tracks/0ct6r3EGTcMLPtrXHDvVjc,https://api.spotify.com/v1/audio-analysis/0ct6r3EGTcMLPtrXHDvVjc,176658,4,82,"['dance pop', 'edm', 'pop', 'pop dance', 'pop rap']",86,english,https://open.spotify.com/embed/track/0ct6r3EGTcMLPtrXHDvVjc?utm_source=generator,AviciiThe Nights,"[""['dance"", ""pop',"", ""'edm',"", ""'pop',"", ""'pop"", ""dance',"", ""'pop"", ""rap']""]",low,Neutral,0.543572905262057
24,Justin Bieber,spotify:track:16wAOAZ2OkqoIDN7TpChjR,https://open.spotify.com/track/16wAOAZ2OkqoIDN7TpChjR,spotify:artist:1uNFoZAHBGtllmzznpCI3s,https://open.spotify.com/artist/1uNFoZAHBGtllmzznpCI3s,Yummy,spotify:album:63iWSELt9V1kV6RSMxN7Ii,208520,Changes,Yummy,0.676,0.506,9,-6.652,0,0.0958,0.345,0.0,0.118,0.497,145.842,audio_features,16wAOAZ2OkqoIDN7TpChjR,spotify:track:16wAOAZ2OkqoIDN7TpChjR,https://api.spotify.com/v1/tracks/16wAOAZ2OkqoIDN7TpChjR,https://api.spotify.com/v1/audio-analysis/16wAOAZ2OkqoIDN7TpChjR,208520,4,91,"['canadian pop', 'pop']",69,english,https://open.spotify.com/embed/track/16wAOAZ2OkqoIDN7TpChjR?utm_source=generator,Justin BieberYummy,"[""['canadian"", ""pop',"", ""'pop']""]",low,Neutral,0.5421610508613273
72,Katy Perry,spotify:track:4lCv7b86sLynZbXhfScfm2,https://open.spotify.com/track/4lCv7b86sLynZbXhfScfm2,spotify:artist:6jJ0s89eD6GaHleKKya26X,https://open.spotify.com/artist/6jJ0s89eD6GaHleKKya26X,Firework,spotify:album:5BvgP623rtvlc0HDcpzquz,227880,Teenage Dream: The Complete Confection,Firework,0.638,0.826,8,-4.968,1,0.0479,0.139,0.0,0.0803,0.649,124.072,audio_features,4lCv7b86sLynZbXhfScfm2,spotify:track:4lCv7b86sLynZbXhfScfm2,https://api.spotify.com/v1/tracks/4lCv7b86sLynZbXhfScfm2,https://api.spotify.com/v1/audio-analysis/4lCv7b86sLynZbXhfScfm2,227880,4,85,"['dance pop', 'pop']",71,english,https://open.spotify.com/embed/track/4lCv7b86sLynZbXhfScfm2?utm_source=generator,Katy PerryFirework,"[""['dance"", ""pop',"", ""'pop']""]",low,Neutral,0.5421048762157268
368,Katy Perry,spotify:track:3f7gYMirBEKuc57218BjOY,https://open.spotify.com/track/3f7gYMirBEKuc57218BjOY,spotify:artist:6jJ0s89eD6GaHleKKya26X,https://open.spotify.com/artist/6jJ0s89eD6GaHleKKya26X,California Gurls,spotify:album:06SY6Ke6mXzZHhURLVU57R,234653,Teenage Dream,California Gurls,0.788,0.753,0,-3.71,1,0.0536,0.0038,0.0,0.18,0.403,125.005,audio_features,3f7gYMirBEKuc57218BjOY,spotify:track:3f7gYMirBEKuc57218BjOY,https://api.spotify.com/v1/tracks/3f7gYMirBEKuc57218BjOY,https://api.spotify.com/v1/audio-analysis/3f7gYMirBEKuc57218BjOY,234653,4,85,"['dance pop', 'pop']",71,english,https://open.spotify.com/embed/track/3f7gYMirBEKuc57218BjOY?utm_source=generator,Katy PerryCalifornia Gurls,"[""['dance"", ""pop',"", ""'pop']""]",low,Neutral,0.5418448860200509
17,Mark Ronson,spotify:track:32OlwWuMpZ6b0aN2RZOeMS,https://open.spotify.com/track/32OlwWuMpZ6b0aN2RZOeMS,spotify:artist:3hv9jJF3adDNsBSIQDqcjp,https://open.spotify.com/artist/3hv9jJF3adDNsBSIQDqcjp,Uptown Funk (feat. Bruno Mars),spotify:album:3vLaOYCNCzngDf8QdBg2V1,269666,Uptown Special,Uptown Funk (feat. Bruno Mars),0.856,0.609,0,-7.223,1,0.0824,0.00801,8.15e-05,0.0344,0.928,114.988,audio_features,32OlwWuMpZ6b0aN2RZOeMS,spotify:track:32OlwWuMpZ6b0aN2RZOeMS,https://api.spotify.com/v1/tracks/32OlwWuMpZ6b0aN2RZOeMS,https://api.spotify.com/v1/audio-analysis/32OlwWuMpZ6b0aN2RZOeMS,269667,4,76,"['dance pop', 'pop']",83,english,https://open.spotify.com/embed/track/32OlwWuMpZ6b0aN2RZOeMS?utm_source=generator,Mark RonsonUptown Funk (feat. Bruno Mars),"[""['dance"", ""pop',"", ""'pop']""]",low,Neutral,0.5416280336030077
1282,G. V. Prakash,spotify:track:4QMZ6gwFTLk9qOhaQsGIxf,https://open.spotify.com/track/4QMZ6gwFTLk9qOhaQsGIxf,spotify:artist:5VVN3xZw1i2qihfITZlvCZ,https://open.spotify.com/artist/5VVN3xZw1i2qihfITZlvCZ,Neeve,spotify:album:13J2XQOZo0I8ZAufTXFvyd,281520,Darling (Original Motion Picture Soundtrack),Neeve,0.749,0.646,2,-9.598,1,0.0389,0.111,0.0426,0.22,0.752,129.996,audio_features,4QMZ6gwFTLk9qOhaQsGIxf,spotify:track:4QMZ6gwFTLk9qOhaQsGIxf,https://api.spotify.com/v1/tracks/4QMZ6gwFTLk9qOhaQsGIxf,https://api.spotify.com/v1/audio-analysis/4QMZ6gwFTLk9qOhaQsGIxf,281520,4,75,"['filmi', 'tamil pop']",64,telugu,https://open.spotify.com/embed/track/4QMZ6gwFTLk9qOhaQsGIxf?utm_source=generator,G. V. PrakashNeeve,"[""['filmi',"", ""'tamil"", ""pop']""]",low,Neutral,0.5414233621056967
186,Mitraz,spotify:track:2l3dFxtoSMgMQVyRIUHjpz,https://open.spotify.com/track/2l3dFxtoSMgMQVyRIUHjpz,spotify:artist:3iGhlvzpXc0UHBQ7klAItX,https://open.spotify.com/artist/3iGhlvzpXc0UHBQ7klAItX,Akhiyaan,spotify:album:4MBCBnMZyFFv8Ch9elmLsL,191868,Akhiyaan,Akhiyaan,0.724,0.618,2,-9.007,1,0.0534,0.0533,0.704,0.0886,0.0683,100.021,audio_features,2l3dFxtoSMgMQVyRIUHjpz,spotify:track:2l3dFxtoSMgMQVyRIUHjpz,https://api.spotify.com/v1/tracks/2l3dFxtoSMgMQVyRIUHjpz,https://api.spotify.com/v1/audio-analysis/2l3dFxtoSMgMQVyRIUHjpz,191869,4,66,['desi pop'],74,punjabi,https://open.spotify.com/embed/track/2l3dFxtoSMgMQVyRIUHjpz?utm_source=generator,MitrazAkhiyaan,"[""['desi"", ""pop']""]",low,Neutral,0.5405861404539203
1498,G. V. Prakash,spotify:track:0WM0NpFIZg6JhgneUyU5tl,https://open.spotify.com/track/0WM0NpFIZg6JhgneUyU5tl,spotify:artist:5VVN3xZw1i2qihfITZlvCZ,https://open.spotify.com/artist/5VVN3xZw1i2qihfITZlvCZ,Inka Edho,spotify:album:13J2XQOZo0I8ZAufTXFvyd,315493,Darling (Original Motion Picture Soundtrack),Inka Edho,0.64,0.784,7,-6.674,1,0.0314,0.333,0.00184,0.188,0.549,92.016,audio_features,0WM0NpFIZg6JhgneUyU5tl,spotify:track:0WM0NpFIZg6JhgneUyU5tl,https://api.spotify.com/v1/tracks/0WM0NpFIZg6JhgneUyU5tl,https://api.spotify.com/v1/audio-analysis/0WM0NpFIZg6JhgneUyU5tl,315493,4,75,"['filmi', 'tamil pop']",59,telugu,https://open.spotify.com/embed/track/0WM0NpFIZg6JhgneUyU5tl?utm_source=generator,G. V. PrakashInka Edho,"[""['filmi',"", ""'tamil"", ""pop']""]",low,Neutral,0.539062152237141
154,Sunanda Sharma,spotify:track:2lQKUDOOg4TELqOacnHwDt,https://open.spotify.com/track/2lQKUDOOg4TELqOacnHwDt,spotify:artist:7AKO4PWJ6ToZVUfA5xmsIY,https://open.spotify.com/artist/7AKO4PWJ6ToZVUfA5xmsIY,Saadi Yaad,spotify:album:4y0IjnVoYUKqJIr2uhtff6,160980,Saadi Yaad,Saadi Yaad,0.777,0.883,2,-3.534,1,0.0402,0.216,0.000114,0.28,0.692,124.981,audio_features,2lQKUDOOg4TELqOacnHwDt,spotify:track:2lQKUDOOg4TELqOacnHwDt,https://api.spotify.com/v1/tracks/2lQKUDOOg4TELqOacnHwDt,https://api.spotify.com/v1/audio-analysis/2lQKUDOOg4TELqOacnHwDt,160981,4,55,"['desi pop', 'modern bollywood', 'punjabi pop']",42,punjabi,https://open.spotify.com/embed/track/2lQKUDOOg4TELqOacnHwDt?utm_source=generator,Sunanda SharmaSaadi Yaad,"[""['desi"", ""pop',"", ""'modern"", ""bollywood',"", ""'punjabi"", ""pop']""]",low,Neutral,0.5387144954714262
822,Karthik,spotify:track:5sb8pXCkQrd87OgmAgtv1F,https://open.spotify.com/track/5sb8pXCkQrd87OgmAgtv1F,spotify:artist:0LSPREIgGMZXCuKVel7LVD,https://open.spotify.com/artist/0LSPREIgGMZXCuKVel7LVD,Tara,spotify:album:0Vng5nraarc78H983wqpM0,171362,Tara - Shyam Singha Roy-Telugu,Tara,0.683,0.709,7,-9.466,1,0.0393,0.454,8.01e-05,0.422,0.591,112.946,audio_features,5sb8pXCkQrd87OgmAgtv1F,spotify:track:5sb8pXCkQrd87OgmAgtv1F,https://api.spotify.com/v1/tracks/5sb8pXCkQrd87OgmAgtv1F,https://api.spotify.com/v1/audio-analysis/5sb8pXCkQrd87OgmAgtv1F,171362,4,73,"['filmi', 'tamil pop']",36,telugu,https://open.spotify.com/embed/track/5sb8pXCkQrd87OgmAgtv1F?utm_source=generator,KarthikTara,"[""['filmi',"", ""'tamil"", ""pop']""]",low,Neutral,0.5371541621939395
417,Doja Cat,spotify:track:3Vi5XqYrmQgOYBajMWSvCi,https://open.spotify.com/track/3Vi5XqYrmQgOYBajMWSvCi,spotify:artist:5cj0lLjcoR7YOSnhnX0Po5,https://open.spotify.com/artist/5cj0lLjcoR7YOSnhnX0Po5,Need to Know,spotify:album:1nAQbHeOWTfQzbOoFrvndW,210560,Planet Her,Need to Know,0.664,0.609,1,-6.509,1,0.0707,0.304,0.0,0.0926,0.194,130.041,audio_features,3Vi5XqYrmQgOYBajMWSvCi,spotify:track:3Vi5XqYrmQgOYBajMWSvCi,https://api.spotify.com/v1/tracks/3Vi5XqYrmQgOYBajMWSvCi,https://api.spotify.com/v1/audio-analysis/3Vi5XqYrmQgOYBajMWSvCi,210560,4,87,"['dance pop', 'pop']",81,english,https://open.spotify.com/embed/track/3Vi5XqYrmQgOYBajMWSvCi?utm_source=generator,Doja CatNeed to Know,"[""['dance"", ""pop',"", ""'pop']""]",low,Neutral,0.5367124494689247
1747,Harris Jayaraj,spotify:track:1bkkVI2YHt1c2iLEUyANAU,https://open.spotify.com/track/1bkkVI2YHt1c2iLEUyANAU,spotify:artist:29aw5YCdIw2FEXYyAJZI8l,https://open.spotify.com/artist/29aw5YCdIw2FEXYyAJZI8l,Hey Amigo,spotify:album:4oUNzRIdKqYBH3WQqMhYUQ,272948,Bandobast (Original Motion Picture Soundtrack),Hey Amigo,0.873,0.755,7,-5.201,1,0.0932,0.236,0.00289,0.0844,0.629,98.008,audio_features,1bkkVI2YHt1c2iLEUyANAU,spotify:track:1bkkVI2YHt1c2iLEUyANAU,https://api.spotify.com/v1/tracks/1bkkVI2YHt1c2iLEUyANAU,https://api.spotify.com/v1/audio-analysis/1bkkVI2YHt1c2iLEUyANAU,272948,4,73,"['filmi', 'tamil pop']",26,telugu,https://open.spotify.com/embed/track/1bkkVI2YHt1c2iLEUyANAU?utm_source=generator,Harris JayarajHey Amigo,"[""['filmi',"", ""'tamil"", ""pop']""]",low,Neutral,0.535462122796432
863,G. V. Prakash,spotify:track:0VnEZ9XMrhMu8OCDnRBoEL,https://open.spotify.com/track/0VnEZ9XMrhMu8OCDnRBoEL,spotify:artist:5VVN3xZw1i2qihfITZlvCZ,https://open.spotify.com/artist/5VVN3xZw1i2qihfITZlvCZ,Kaatuka Kanule,spotify:album:6CeFixpY9RH120xj5CivYw,246000,Aakaasam Nee Haddhu Ra (Original Motion Picture Soundtrack),Kaatuka Kanule,0.693,0.57,2,-7.843,1,0.236,0.434,5.57e-05,0.35,0.562,78.783,audio_features,0VnEZ9XMrhMu8OCDnRBoEL,spotify:track:0VnEZ9XMrhMu8OCDnRBoEL,https://api.spotify.com/v1/tracks/0VnEZ9XMrhMu8OCDnRBoEL,https://api.spotify.com/v1/audio-analysis/0VnEZ9XMrhMu8OCDnRBoEL,246000,4,75,"['filmi', 'tamil pop']",47,telugu,https://open.spotify.com/embed/track/0VnEZ9XMrhMu8OCDnRBoEL?utm_source=generator,G. V. PrakashKaatuka Kanule,"[""['filmi',"", ""'tamil"", ""pop']""]",low,Neutral,0.5351545980360679
1392,Harris Jayaraj,spotify:track:54ItzDjLbrVAMQb0P52auE,https://open.spotify.com/track/54ItzDjLbrVAMQb0P52auE,spotify:artist:29aw5YCdIw2FEXYyAJZI8l,https://open.spotify.com/artist/29aw5YCdIw2FEXYyAJZI8l,Asale Pilla,spotify:album:7uApif7nY4OqGcgZxOXPH6,317853,Ghatikudu (Original Motion Picture Soundtrack),Asale Pilla,0.783,0.554,7,-9.32,1,0.0426,0.191,0.0,0.0922,0.455,97.012,audio_features,54ItzDjLbrVAMQb0P52auE,spotify:track:54ItzDjLbrVAMQb0P52auE,https://api.spotify.com/v1/tracks/54ItzDjLbrVAMQb0P52auE,https://api.spotify.com/v1/audio-analysis/54ItzDjLbrVAMQb0P52auE,317853,4,73,"['filmi', 'tamil pop']",47,telugu,https://open.spotify.com/embed/track/54ItzDjLbrVAMQb0P52auE?utm_source=generator,Harris JayarajAsale Pilla,"[""['filmi',"", ""'tamil"", ""pop']""]",low,Neutral,0.5323568970579751
1707,Unnikrishnan,spotify:track:3P0gXpwYO4nCXna9M3kPhz,https://open.spotify.com/track/3P0gXpwYO4nCXna9M3kPhz,spotify:artist:0mV4UQ0gHg59AAUtg968pX,https://open.spotify.com/artist/0mV4UQ0gHg59AAUtg968pX,Kannula Logililo,spotify:album:016rtyHgPlFmZCMoA8HUeH,279075,Raja (Original Motion Picture Soundtrack),Kannula Logililo,0.704,0.829,7,-4.553,1,0.0344,0.0832,4.6e-05,0.283,0.544,167.9,audio_features,3P0gXpwYO4nCXna9M3kPhz,spotify:track:3P0gXpwYO4nCXna9M3kPhz,https://api.spotify.com/v1/tracks/3P0gXpwYO4nCXna9M3kPhz,https://api.spotify.com/v1/audio-analysis/3P0gXpwYO4nCXna9M3kPhz,279075,4,63,"['filmi', 'tamil pop']",0,telugu,https://open.spotify.com/embed/track/3P0gXpwYO4nCXna9M3kPhz?utm_source=generator,UnnikrishnanKannula Logililo,"[""['filmi',"", ""'tamil"", ""pop']""]",low,Neutral,0.5321893061376635
60,Deep Chills,spotify:track:6NLrBgDzIsp3qiOhz2Kpzo,https://open.spotify.com/track/6NLrBgDzIsp3qiOhz2Kpzo,spotify:artist:12rBrcOPP50qIan8ew4iTP,https://open.spotify.com/artist/12rBrcOPP50qIan8ew4iTP,Mykonos,spotify:album:6knoHfDEDjHtlUoDxH95ix,127333,Mykonos,Mykonos,0.671,0.89,8,-4.981,0,0.0371,0.038,0.914,0.215,0.317,124.011,audio_features,6NLrBgDzIsp3qiOhz2Kpzo,spotify:track:6NLrBgDzIsp3qiOhz2Kpzo,https://api.spotify.com/v1/tracks/6NLrBgDzIsp3qiOhz2Kpzo,https://api.spotify.com/v1/audio-analysis/6NLrBgDzIsp3qiOhz2Kpzo,127334,4,61,"['deep tropical house', 'new french touch', 'pop dance', 'pop edm', 'tropical house']",44,english,https://open.spotify.com/embed/track/6NLrBgDzIsp3qiOhz2Kpzo?utm_source=generator,Deep ChillsMykonos,"[""['deep"", 'tropical', ""house',"", ""'new"", 'french', ""touch',"", ""'pop"", ""dance',"", ""'pop"", ""edm',"", ""'tropical"", ""house']""]",low,Neutral,0.5321283090120517
1842,Harish Raghavendra,spotify:track:4juG0hHQOdu22uj3sYrHo8,https://open.spotify.com/track/4juG0hHQOdu22uj3sYrHo8,spotify:artist:4Kw0NhqitzjxLy1jH5FlTg,https://open.spotify.com/artist/4Kw0NhqitzjxLy1jH5FlTg,Inthandanga,spotify:album:2yGNLHdQYzlbcrsLDpdbJf,243740,Don,Inthandanga,0.79,0.651,2,-7.989,1,0.0344,0.128,4.85e-06,0.108,0.34,96.959,audio_features,4juG0hHQOdu22uj3sYrHo8,spotify:track:4juG0hHQOdu22uj3sYrHo8,https://api.spotify.com/v1/tracks/4juG0hHQOdu22uj3sYrHo8,https://api.spotify.com/v1/audio-analysis/4juG0hHQOdu22uj3sYrHo8,243740,4,66,"['filmi', 'tamil pop']",45,telugu,https://open.spotify.com/embed/track/4juG0hHQOdu22uj3sYrHo8?utm_source=generator,Harish RaghavendraInthandanga,"[""['filmi',"", ""'tamil"", ""pop']""]",low,Neutral,0.5317887050662329
1242,Naveen,spotify:track:2Aq790IhKT9z2D01VC4SS0,https://open.spotify.com/track/2Aq790IhKT9z2D01VC4SS0,spotify:artist:4xbLzGsR7W5QMlLS08BNGt,https://open.spotify.com/artist/4xbLzGsR7W5QMlLS08BNGt,Noppi Noppi,spotify:album:3c5t2MUTzbS5dboyzM3dSa,270086,Pokiri (Original Motion Picture Soundtrack),Noppi Noppi,0.77,0.865,7,-5.025,1,0.0708,0.053,0.000298,0.497,0.614,99.021,audio_features,2Aq790IhKT9z2D01VC4SS0,spotify:track:2Aq790IhKT9z2D01VC4SS0,https://api.spotify.com/v1/tracks/2Aq790IhKT9z2D01VC4SS0,https://api.spotify.com/v1/audio-analysis/2Aq790IhKT9z2D01VC4SS0,270087,4,54,"['filmi', 'tamil pop']",0,telugu,https://open.spotify.com/embed/track/2Aq790IhKT9z2D01VC4SS0?utm_source=generator,NaveenNoppi Noppi,"[""['filmi',"", ""'tamil"", ""pop']""]",low,Neutral,0.5311751614407361
1713,Devan Ekambaram,spotify:track:6XgL1OzKZ0O7Vc2YLa6LVQ,https://open.spotify.com/track/6XgL1OzKZ0O7Vc2YLa6LVQ,spotify:artist:1HUZ6vfsSWpfLoxjgDavEB,https://open.spotify.com/artist/1HUZ6vfsSWpfLoxjgDavEB,Computerlu,spotify:album:5LQTc165Caq6QE6FaPdwk1,322821,Nuvve Nuvve (Original Motion Picture Soundtrack),Computerlu,0.882,0.838,2,-5.256,1,0.0704,0.0977,0.0,0.059,0.835,114.995,audio_features,6XgL1OzKZ0O7Vc2YLa6LVQ,spotify:track:6XgL1OzKZ0O7Vc2YLa6LVQ,https://api.spotify.com/v1/tracks/6XgL1OzKZ0O7Vc2YLa6LVQ,https://api.spotify.com/v1/audio-analysis/6XgL1OzKZ0O7Vc2YLa6LVQ,322821,4,62,"['filmi', 'tamil pop']",0,telugu,https://open.spotify.com/embed/track/6XgL1OzKZ0O7Vc2YLa6LVQ?utm_source=generator,Devan EkambaramComputerlu,"[""['filmi',"", ""'tamil"", ""pop']""]",low,Neutral,0.53115345170652
1482,Harris Jayaraj,spotify:track:0Jbhxz0Hv7C8eeEUqxSrgd,https://open.spotify.com/track/0Jbhxz0Hv7C8eeEUqxSrgd,spotify:artist:29aw5YCdIw2FEXYyAJZI8l,https://open.spotify.com/artist/29aw5YCdIw2FEXYyAJZI8l,Hello Rammante,spotify:album:1GJnov5GqDzrZ5TGcyKXtz,281965,Orange,Hello Rammante,0.857,0.688,7,-6.709,1,0.0531,0.0991,5.3e-05,0.101,0.789,113.992,audio_features,0Jbhxz0Hv7C8eeEUqxSrgd,spotify:track:0Jbhxz0Hv7C8eeEUqxSrgd,https://api.spotify.com/v1/tracks/0Jbhxz0Hv7C8eeEUqxSrgd,https://api.spotify.com/v1/audio-analysis/0Jbhxz0Hv7C8eeEUqxSrgd,281965,4,73,"['filmi', 'tamil pop']",0,telugu,https://open.spotify.com/embed/track/0Jbhxz0Hv7C8eeEUqxSrgd?utm_source=generator,Harris JayarajHello Rammante,"[""['filmi',"", ""'tamil"", ""pop']""]",low,Neutral,0.5302481868673736
1753,Tippu,spotify:track:1nUxc12o3sKQ6tCXloHCzn,https://open.spotify.com/track/1nUxc12o3sKQ6tCXloHCzn,spotify:artist:0PykiHCcDsMPRV7s67qZ1B,https://open.spotify.com/artist/0PykiHCcDsMPRV7s67qZ1B,Something Something,spotify:album:0LsflZZJnB6dGmCo6wBN08,332906,Nuvvostanante Nenoddantana (Original Motion Picture Soundtrack),Something Something,0.688,0.818,2,-7.112,1,0.314,0.187,0.0,0.337,0.471,170.139,audio_features,1nUxc12o3sKQ6tCXloHCzn,spotify:track:1nUxc12o3sKQ6tCXloHCzn,https://api.spotify.com/v1/tracks/1nUxc12o3sKQ6tCXloHCzn,https://api.spotify.com/v1/audio-analysis/1nUxc12o3sKQ6tCXloHCzn,332907,4,64,"['filmi', 'tamil pop']",0,telugu,https://open.spotify.com/embed/track/1nUxc12o3sKQ6tCXloHCzn?utm_source=generator,TippuSomething Something,"[""['filmi',"", ""'tamil"", ""pop']""]",low,Neutral,0.5297749799501561
1239,Tippu,spotify:track:786noDZWgvvfpH3fwIinDH,https://open.spotify.com/track/786noDZWgvvfpH3fwIinDH,spotify:artist:0PykiHCcDsMPRV7s67qZ1B,https://open.spotify.com/artist/0PykiHCcDsMPRV7s67qZ1B,Manava Manava,spotify:album:4FVbV6VebIznqFRcmKcUme,337051,Anji (Original Motion Picture Soundtrack),Manava Manava,0.747,0.814,7,-6.973,1,0.14,0.252,0.0,0.41,0.553,91.992,audio_features,786noDZWgvvfpH3fwIinDH,spotify:track:786noDZWgvvfpH3fwIinDH,https://api.spotify.com/v1/tracks/786noDZWgvvfpH3fwIinDH,https://api.spotify.com/v1/audio-analysis/786noDZWgvvfpH3fwIinDH,337051,4,64,"['filmi', 'tamil pop']",0,telugu,https://open.spotify.com/embed/track/786noDZWgvvfpH3fwIinDH?utm_source=generator,TippuManava Manava,"[""['filmi',"", ""'tamil"", ""pop']""]",low,Neutral,0.5297671634246676
1104,Karthik,spotify:track:6l9FiHYFvV3GMwmxWtqqMD,https://open.spotify.com/track/6l9FiHYFvV3GMwmxWtqqMD,spotify:artist:0LSPREIgGMZXCuKVel7LVD,https://open.spotify.com/artist/0LSPREIgGMZXCuKVel7LVD,Neetho Vunte,spotify:album:1Vc62vkQkvfqiORsaPC11S,324163,Josh,Neetho Vunte,0.709,0.77,7,-7.835,1,0.043,0.31,8.69e-06,0.116,0.931,94.976,audio_features,6l9FiHYFvV3GMwmxWtqqMD,spotify:track:6l9FiHYFvV3GMwmxWtqqMD,https://api.spotify.com/v1/tracks/6l9FiHYFvV3GMwmxWtqqMD,https://api.spotify.com/v1/audio-analysis/6l9FiHYFvV3GMwmxWtqqMD,324164,4,73,"['filmi', 'tamil pop']",0,telugu,https://open.spotify.com/embed/track/6l9FiHYFvV3GMwmxWtqqMD?utm_source=generator,KarthikNeetho Vunte,"[""['filmi',"", ""'tamil"", ""pop']""]",low,Neutral,0.5296452659490126
1592,Tippu,spotify:track:0rGrSDqeHaKaVapNywPWBA,https://open.spotify.com/track/0rGrSDqeHaKaVapNywPWBA,spotify:artist:0PykiHCcDsMPRV7s67qZ1B,https://open.spotify.com/artist/0PykiHCcDsMPRV7s67qZ1B,Chiki Chiki Bum,spotify:album:27jfC3luBhJZmfvAaR1Liy,235070,Aadi (Original Motion Picture Soundtrack),Chiki Chiki Bum,0.797,0.915,7,-6.555,1,0.0954,0.0427,1.01e-05,0.0617,0.793,101.047,audio_features,0rGrSDqeHaKaVapNywPWBA,spotify:track:0rGrSDqeHaKaVapNywPWBA,https://api.spotify.com/v1/tracks/0rGrSDqeHaKaVapNywPWBA,https://api.spotify.com/v1/audio-analysis/0rGrSDqeHaKaVapNywPWBA,235070,4,64,"['filmi', 'tamil pop']",0,telugu,https://open.spotify.com/embed/track/0rGrSDqeHaKaVapNywPWBA?utm_source=generator,TippuChiki Chiki Bum,"[""['filmi',"", ""'tamil"", ""pop']""]",low,Neutral,0.5295076851144189
1861,Unnikrishnan,spotify:track:691YOJXq9eURXvYVhO0Atu,https://open.spotify.com/track/691YOJXq9eURXvYVhO0Atu,spotify:artist:0mV4UQ0gHg59AAUtg968pX,https://open.spotify.com/artist/0mV4UQ0gHg59AAUtg968pX,Madhura Madhuratara,spotify:album:3ZrfhD84RTffDKrnpdPfQh,333505,Arjun (Original Motion Picture Soundtrack),Madhura Madhuratara,0.73,0.84,2,-7.8,1,0.154,0.124,2.43e-06,0.36,0.588,91.996,audio_features,691YOJXq9eURXvYVhO0Atu,spotify:track:691YOJXq9eURXvYVhO0Atu,https://api.spotify.com/v1/tracks/691YOJXq9eURXvYVhO0Atu,https://api.spotify.com/v1/audio-analysis/691YOJXq9eURXvYVhO0Atu,333505,4,63,"['filmi', 'tamil pop']",0,telugu,https://open.spotify.com/embed/track/691YOJXq9eURXvYVhO0Atu?utm_source=generator,UnnikrishnanMadhura Madhuratara,"[""['filmi',"", ""'tamil"", ""pop']""]",low,Neutral,0.5287599291766115
1020,Karthik,spotify:track:364slbGfjrEMyeyasjJ5gY,https://open.spotify.com/track/364slbGfjrEMyeyasjJ5gY,spotify:artist:0LSPREIgGMZXCuKVel7LVD,https://open.spotify.com/artist/0LSPREIgGMZXCuKVel7LVD,Hey Babu,spotify:album:57sVqNzB8VLWS4n4S8BOrF,303900,Devadas (Original Motion Picture Soundtrack),Hey Babu,0.708,0.715,2,-4.346,1,0.0321,0.296,3.08e-06,0.133,0.536,100.022,audio_features,364slbGfjrEMyeyasjJ5gY,spotify:track:364slbGfjrEMyeyasjJ5gY,https://api.spotify.com/v1/tracks/364slbGfjrEMyeyasjJ5gY,https://api.spotify.com/v1/audio-analysis/364slbGfjrEMyeyasjJ5gY,303900,4,73,"['filmi', 'tamil pop']",0,telugu,https://open.spotify.com/embed/track/364slbGfjrEMyeyasjJ5gY?utm_source=generator,KarthikHey Babu,"[""['filmi',"", ""'tamil"", ""pop']""]",low,Neutral,0.5283953735270446
1817,Tippu,spotify:track:1iJ182kIQPSgoV0hw7Qaix,https://open.spotify.com/track/1iJ182kIQPSgoV0hw7Qaix,spotify:artist:0PykiHCcDsMPRV7s67qZ1B,https://open.spotify.com/artist/0PykiHCcDsMPRV7s67qZ1B,Gallo Thelina,spotify:album:2MijbCT3efuZuHsyVbc8PP,290862,Jalsa (Original Motion Picture Soundtrack),Gallo Thelina,0.859,0.747,7,-8.453,1,0.0779,0.0493,0.00119,0.0672,0.798,115.006,audio_features,1iJ182kIQPSgoV0hw7Qaix,spotify:track:1iJ182kIQPSgoV0hw7Qaix,https://api.spotify.com/v1/tracks/1iJ182kIQPSgoV0hw7Qaix,https://api.spotify.com/v1/audio-analysis/1iJ182kIQPSgoV0hw7Qaix,290862,4,64,"['filmi', 'tamil pop']",0,telugu,https://open.spotify.com/embed/track/1iJ182kIQPSgoV0hw7Qaix?utm_source=generator,TippuGallo Thelina,"[""['filmi',"", ""'tamil"", ""pop']""]",low,Neutral,0.5283768502670902
1162,Karthik,spotify:track:5sZ10zB4wed9CHx7zpXAMO,https://open.spotify.com/track/5sZ10zB4wed9CHx7zpXAMO,spotify:artist:0LSPREIgGMZXCuKVel7LVD,https://open.spotify.com/artist/0LSPREIgGMZXCuKVel7LVD,Sa Sa Sye,spotify:album:3dwgGYfWlygIaQjFwUgs7j,260597,Bhadra,Sa Sa Sye,0.766,0.958,2,-4.627,1,0.255,0.027,0.00383,0.0483,0.551,95.015,audio_features,5sZ10zB4wed9CHx7zpXAMO,spotify:track:5sZ10zB4wed9CHx7zpXAMO,https://api.spotify.com/v1/tracks/5sZ10zB4wed9CHx7zpXAMO,https://api.spotify.com/v1/audio-analysis/5sZ10zB4wed9CHx7zpXAMO,260598,4,73,"['filmi', 'tamil pop']",0,telugu,https://open.spotify.com/embed/track/5sZ10zB4wed9CHx7zpXAMO?utm_source=generator,KarthikSa Sa Sye,"[""['filmi',"", ""'tamil"", ""pop']""]",low,Neutral,0.5283571721624232
1769,Ranjith Govind,spotify:track:4vGBcy63Zx9wHd18Hq2fLI,https://open.spotify.com/track/4vGBcy63Zx9wHd18Hq2fLI,spotify:artist:7zFlr6Y537SdALqy0Xfvth,https://open.spotify.com/artist/7zFlr6Y537SdALqy0Xfvth,Choopultho Guchchi,spotify:album:7KV6KxwUTTvYRthPC4TBQY,238341,Radha (Original Motion Picture Soundtrack),Choopultho Guchchi,0.853,0.626,2,-9.242,1,0.0861,0.544,0.000156,0.0934,0.734,114.985,audio_features,4vGBcy63Zx9wHd18Hq2fLI,spotify:track:4vGBcy63Zx9wHd18Hq2fLI,https://api.spotify.com/v1/tracks/4vGBcy63Zx9wHd18Hq2fLI,https://api.spotify.com/v1/audio-analysis/4vGBcy63Zx9wHd18Hq2fLI,238342,4,63,"['filmi', 'tamil pop']",5,telugu,https://open.spotify.com/embed/track/4vGBcy63Zx9wHd18Hq2fLI?utm_source=generator,Ranjith GovindChoopultho Guchchi,"[""['filmi',"", ""'tamil"", ""pop']""]",low,Neutral,0.5283377775243323
1210,Karthik,spotify:track:1gItQ4IXTVswdWUABfFQUZ,https://open.spotify.com/track/1gItQ4IXTVswdWUABfFQUZ,spotify:artist:0LSPREIgGMZXCuKVel7LVD,https://open.spotify.com/artist/0LSPREIgGMZXCuKVel7LVD,Valu Kalla Vayyari,spotify:album:5wgkBhMWValkoEZPpBy8ry,333457,Mass (Original Motion Picture Soundtrack),Valu Kalla Vayyari,0.67,0.753,7,-6.602,1,0.283,0.145,1.73e-06,0.198,0.396,176.051,audio_features,1gItQ4IXTVswdWUABfFQUZ,spotify:track:1gItQ4IXTVswdWUABfFQUZ,https://api.spotify.com/v1/tracks/1gItQ4IXTVswdWUABfFQUZ,https://api.spotify.com/v1/audio-analysis/1gItQ4IXTVswdWUABfFQUZ,333458,4,73,"['filmi', 'tamil pop']",0,telugu,https://open.spotify.com/embed/track/1gItQ4IXTVswdWUABfFQUZ?utm_source=generator,KarthikValu Kalla Vayyari,"[""['filmi',"", ""'tamil"", ""pop']""]",low,Neutral,0.528331853067585
1353,Haricharan,spotify:track:4SIjCzmhy06LecadJM1sUe,https://open.spotify.com/track/4SIjCzmhy06LecadJM1sUe,spotify:artist:1QvyquqkuuwUzdszyoKIy4,https://open.spotify.com/artist/1QvyquqkuuwUzdszyoKIy4,Hey Badhulu Cheppavey,spotify:album:5KppzmrC5pkMPjJkL4RksJ,234773,Ninnu Kori (Original Motion Picture Soundtrack),Hey Badhulu Cheppavey,0.705,0.548,7,-7.547,1,0.0405,0.517,4.16e-05,0.0801,0.812,142.98,audio_features,4SIjCzmhy06LecadJM1sUe,spotify:track:4SIjCzmhy06LecadJM1sUe,https://api.spotify.com/v1/tracks/4SIjCzmhy06LecadJM1sUe,https://api.spotify.com/v1/audio-analysis/4SIjCzmhy06LecadJM1sUe,234773,4,70,"['filmi', 'tamil pop']",0,telugu,https://open.spotify.com/embed/track/4SIjCzmhy06LecadJM1sUe?utm_source=generator,HaricharanHey Badhulu Cheppavey,"[""['filmi',"", ""'tamil"", ""pop']""]",low,Neutral,0.5282166484399706
996,Karthik,spotify:track:0IDXUTU70BKbqlXvHjFsQa,https://open.spotify.com/track/0IDXUTU70BKbqlXvHjFsQa,spotify:artist:0LSPREIgGMZXCuKVel7LVD,https://open.spotify.com/artist/0LSPREIgGMZXCuKVel7LVD,Edho Edho Kotha Hai,spotify:album:36NsRVmZsICoj8B9roAjEW,256394,Life Anubhavinchu Raja,Edho Edho Kotha Hai,0.713,0.608,2,-6.782,1,0.0366,0.219,0.0,0.101,0.518,95.008,audio_features,0IDXUTU70BKbqlXvHjFsQa,spotify:track:0IDXUTU70BKbqlXvHjFsQa,https://api.spotify.com/v1/tracks/0IDXUTU70BKbqlXvHjFsQa,https://api.spotify.com/v1/audio-analysis/0IDXUTU70BKbqlXvHjFsQa,256394,4,73,"['filmi', 'tamil pop']",13,telugu,https://open.spotify.com/embed/track/0IDXUTU70BKbqlXvHjFsQa?utm_source=generator,KarthikEdho Edho Kotha Hai,"[""['filmi',"", ""'tamil"", ""pop']""]",low,Neutral,0.527860554032022
1492,Ranjith Govind,spotify:track:2Btc9fcNpqjXx0dWgvjKoJ,https://open.spotify.com/track/2Btc9fcNpqjXx0dWgvjKoJ,spotify:artist:7zFlr6Y537SdALqy0Xfvth,https://open.spotify.com/artist/7zFlr6Y537SdALqy0Xfvth,Ayyo Ayyo,spotify:album:3YVSRvXiEavHSWFKXXPzkH,226440,Oopiri (Original Motion Picture Soundtrack),Ayyo Ayyo,0.852,0.638,2,-7.222,1,0.068,0.145,1.83e-05,0.135,0.778,95.003,audio_features,2Btc9fcNpqjXx0dWgvjKoJ,spotify:track:2Btc9fcNpqjXx0dWgvjKoJ,https://api.spotify.com/v1/tracks/2Btc9fcNpqjXx0dWgvjKoJ,https://api.spotify.com/v1/audio-analysis/2Btc9fcNpqjXx0dWgvjKoJ,226441,4,63,"['filmi', 'tamil pop']",0,telugu,https://open.spotify.com/embed/track/2Btc9fcNpqjXx0dWgvjKoJ?utm_source=generator,Ranjith GovindAyyo Ayyo,"[""['filmi',"", ""'tamil"", ""pop']""]",low,Neutral,0.5276035957395974
1478,Harris Jayaraj,spotify:track:6dV4WNB4KzHXqbpiR0gj11,https://open.spotify.com/track/6dV4WNB4KzHXqbpiR0gj11,spotify:artist:29aw5YCdIw2FEXYyAJZI8l,https://open.spotify.com/artist/29aw5YCdIw2FEXYyAJZI8l,O Range,spotify:album:1GJnov5GqDzrZ5TGcyKXtz,255660,Orange,O Range,0.97,0.817,2,-8.333,1,0.113,0.0705,0.0,0.139,0.306,117.022,audio_features,6dV4WNB4KzHXqbpiR0gj11,spotify:track:6dV4WNB4KzHXqbpiR0gj11,https://api.spotify.com/v1/tracks/6dV4WNB4KzHXqbpiR0gj11,https://api.spotify.com/v1/audio-analysis/6dV4WNB4KzHXqbpiR0gj11,255660,4,73,"['filmi', 'tamil pop']",0,telugu,https://open.spotify.com/embed/track/6dV4WNB4KzHXqbpiR0gj11?utm_source=generator,Harris JayarajO Range,"[""['filmi',"", ""'tamil"", ""pop']""]",low,Neutral,0.5274436483811181
235,G. V. Prakash,spotify:track:1SD98pogFIJhn7bmSaXQVe,https://open.spotify.com/track/1SD98pogFIJhn7bmSaXQVe,spotify:artist:5VVN3xZw1i2qihfITZlvCZ,https://open.spotify.com/artist/5VVN3xZw1i2qihfITZlvCZ,"Sithramaina Bhoomi (From ""Aakaasam Nee Haddhu Ra"")",spotify:album:72AT221t1hxTwU2NlTbrda,228000,"Sithramaina Bhoomi (From ""Aakaasam Nee Haddhu Ra"")","Sithramaina Bhoomi (From ""Aakaasam Nee Haddhu Ra"")",0.911,0.588,7,-11.144,1,0.336,0.442,0.0,0.0418,0.72,133.992,audio_features,1SD98pogFIJhn7bmSaXQVe,spotify:track:1SD98pogFIJhn7bmSaXQVe,https://api.spotify.com/v1/tracks/1SD98pogFIJhn7bmSaXQVe,https://api.spotify.com/v1/audio-analysis/1SD98pogFIJhn7bmSaXQVe,228000,4,75,"['filmi', 'tamil pop']",5,telugu,https://open.spotify.com/embed/track/1SD98pogFIJhn7bmSaXQVe?utm_source=generator,"G. V. PrakashSithramaina Bhoomi (From ""Aakaasam Nee Haddhu Ra"")","[""['filmi',"", ""'tamil"", ""pop']""]",low,Neutral,0.5274172426915482
1530,Unnikrishnan,spotify:track:0DO2xn9XjG8FJObQKOk6M6,https://open.spotify.com/track/0DO2xn9XjG8FJObQKOk6M6,spotify:artist:0mV4UQ0gHg59AAUtg968pX,https://open.spotify.com/artist/0mV4UQ0gHg59AAUtg968pX,Hayirabba,spotify:album:1q4s6VbAzMHqGU4tjMIS8U,433214,Jeans (Original Motion Picture Soundtrack),Hayirabba,0.729,0.856,2,-6.458,1,0.143,0.0805,1.72e-06,0.0883,0.681,87.965,audio_features,0DO2xn9XjG8FJObQKOk6M6,spotify:track:0DO2xn9XjG8FJObQKOk6M6,https://api.spotify.com/v1/tracks/0DO2xn9XjG8FJObQKOk6M6,https://api.spotify.com/v1/audio-analysis/0DO2xn9XjG8FJObQKOk6M6,433215,4,63,"['filmi', 'tamil pop']",0,telugu,https://open.spotify.com/embed/track/0DO2xn9XjG8FJObQKOk6M6?utm_source=generator,UnnikrishnanHayirabba,"[""['filmi',"", ""'tamil"", ""pop']""]",low,Neutral,0.5270346389617169
52,Marshmello,spotify:track:3QNG9RhD93ypeMp3DUmkaO,https://open.spotify.com/track/3QNG9RhD93ypeMp3DUmkaO,spotify:artist:64KEffDW9EtZ1y2vBYgq8T,https://open.spotify.com/artist/64KEffDW9EtZ1y2vBYgq8T,Be Kind (with Halsey) [Surf Mesa Remix],spotify:album:7CqKURtW7U6VGfLkVKTF6z,174289,Be Kind (with Halsey) [Surf Mesa Remix],Be Kind (with Halsey) [Surf Mesa Remix],0.684,0.677,4,-5.398,1,0.0426,0.0305,0.0,0.093,0.494,113.12,audio_features,3QNG9RhD93ypeMp3DUmkaO,spotify:track:3QNG9RhD93ypeMp3DUmkaO,https://api.spotify.com/v1/tracks/3QNG9RhD93ypeMp3DUmkaO,https://api.spotify.com/v1/audio-analysis/3QNG9RhD93ypeMp3DUmkaO,174289,4,85,"['brostep', 'dance pop', 'edm', 'pop', 'pop dance', 'progressive electro house']",55,english,https://open.spotify.com/embed/track/3QNG9RhD93ypeMp3DUmkaO?utm_source=generator,MarshmelloBe Kind (with Halsey) [Surf Mesa Remix],"[""['brostep',"", ""'dance"", ""pop',"", ""'edm',"", ""'pop',"", ""'pop"", ""dance',"", ""'progressive"", 'electro', ""house']""]",high,Positive,0.526458562605717
1633,Mano,spotify:track:2DB1oIMt3fXc87mLLVw9eH,https://open.spotify.com/track/2DB1oIMt3fXc87mLLVw9eH,spotify:artist:3NzhVoa20crNtp1p4zE8um,https://open.spotify.com/artist/3NzhVoa20crNtp1p4zE8um,Ooh Mama,spotify:album:1Nut98q7X0mcrGoiAVxhCW,276038,Cheli (Original Motion Picture Soundtrack),Ooh Mama,0.9,0.726,7,-9.842,1,0.134,0.0314,0.0,0.0374,0.605,107.909,audio_features,2DB1oIMt3fXc87mLLVw9eH,spotify:track:2DB1oIMt3fXc87mLLVw9eH,https://api.spotify.com/v1/tracks/2DB1oIMt3fXc87mLLVw9eH,https://api.spotify.com/v1/audio-analysis/2DB1oIMt3fXc87mLLVw9eH,276039,4,65,"['filmi', 'tamil pop']",0,telugu,https://open.spotify.com/embed/track/2DB1oIMt3fXc87mLLVw9eH?utm_source=generator,ManoOoh Mama,"[""['filmi',"", ""'tamil"", ""pop']""]",low,Neutral,0.5254284826106825
735,Darshan Raval,spotify:track:4ymPEyiXabTe1NO8q8EFxG,https://open.spotify.com/track/4ymPEyiXabTe1NO8q8EFxG,spotify:artist:2GoeZ0qOTt6kjsWW4eA6LS,https://open.spotify.com/artist/2GoeZ0qOTt6kjsWW4eA6LS,"Chogada (From ""Loveyatri"")",spotify:album:7hGQiJXERTnhQbW5cyo2bA,249741,"Chogada (From ""Loveyatri"")","Chogada (From ""Loveyatri"")",0.359,0.972,7,-3.452,1,0.109,0.136,2.52e-06,0.14,0.595,62.914,audio_features,4ymPEyiXabTe1NO8q8EFxG,spotify:track:4ymPEyiXabTe1NO8q8EFxG,https://api.spotify.com/v1/tracks/4ymPEyiXabTe1NO8q8EFxG,https://api.spotify.com/v1/audio-analysis/4ymPEyiXabTe1NO8q8EFxG,249742,4,74,"['desi pop', 'gujarati pop', 'modern bollywood']",64,hindi,https://open.spotify.com/embed/track/4ymPEyiXabTe1NO8q8EFxG?utm_source=generator,"Darshan RavalChogada (From ""Loveyatri"")","[""['desi"", ""pop',"", ""'gujarati"", ""pop',"", ""'modern"", ""bollywood']""]",low,Neutral,0.5251175596341796
